query,intent_group,branded,engine,run_date,cited_domain,cited_url,source_type,brand_mentioned,competitors_mentioned,brand_sentiment,position_rank,answer_excerpt
How can I update my digital catalog without breaking the shared link or losing my product tags?,problem-led,False,dataforseo/google-ai-overview,2026-08-03,youtube.com,https://www.youtube.com/watch?v=IO3EWvpWG8g&t=68,other,False,DCatalog; Google Drive; Shopify; Meta Commerce Manager; Yotpo,absent,,"Update your digital catalog by using the built-in version replacement tool in your platform (like DCatalog or Google Drive) to keep the original URL, and edit products via your CMS/Commerce Manager to preserve IDs and tags."
How can I update my digital catalog without breaking the shared link or losing my product tags?,problem-led,False,dataforseo/google-ai-overview,2026-08-03,support.yotpo.com,https://support.yotpo.com/docs/updating-the-product-catalog,vendor,False,DCatalog; Google Drive; Shopify; Meta Commerce Manager; Yotpo,absent,,"Update your digital catalog by using the built-in version replacement tool in your platform (like DCatalog or Google Drive) to keep the original URL, and edit products via your CMS/Commerce Manager to preserve IDs and tags."
How can I update my digital catalog without breaking the shared link or losing my product tags?,problem-led,False,dataforseo/google-ai-overview,2026-08-03,facebook.com,https://www.facebook.com/business/help/1194178240952919,vendor,False,DCatalog; Google Drive; Shopify; Meta Commerce Manager; Yotpo,absent,,"Update your digital catalog by using the built-in version replacement tool in your platform (like DCatalog or Google Drive) to keep the original URL, and edit products via your CMS/Commerce Manager to preserve IDs and tags."
How can I update my digital catalog without breaking the shared link or losing my product tags?,problem-led,False,dataforseo/google-ai-overview,2026-08-03,zohodesk.dcatalog.com,https://zohodesk.dcatalog.com/portal/en/kb/articles/can-i-replace-the-content-in-the-link-without-replacing-the-link-if-so-how,vendor,False,DCatalog; Google Drive; Shopify; Meta Commerce Manager; Yotpo,absent,,"Update your digital catalog by using the built-in version replacement tool in your platform (like DCatalog or Google Drive) to keep the original URL, and edit products via your CMS/Commerce Manager to preserve IDs and tags."
How can I update my digital catalog without breaking the shared link or losing my product tags?,problem-led,False,dataforseo/google-ai-overview,2026-08-03,youtube.com,https://www.youtube.com/watch?v=IO3EWvpWG8g,other,False,FlippingBook; Shopify; Meta Commerce; FlipHTML5; Adobe; Yotpo,absent,,"Upload your new PDF or document version via the platform's ""Manage Versions"" or ""Replace"" option so the original shareable URL remains live."
How can I update my digital catalog without breaking the shared link or losing my product tags?,problem-led,False,dataforseo/google-ai-overview,2026-08-03,support.yotpo.com,https://support.yotpo.com/docs/updating-the-product-catalog,vendor,False,FlippingBook; Shopify; Meta Commerce; FlipHTML5; Adobe; Yotpo,absent,,"Upload your new PDF or document version via the platform's ""Manage Versions"" or ""Replace"" option so the original shareable URL remains live."
How can I update my digital catalog without breaking the shared link or losing my product tags?,problem-led,False,dataforseo/google-ai-overview,2026-08-03,flippingbook.com,https://flippingbook.com/help/online/changing-your-publication/replacing-pdf-in-publication,vendor,False,FlippingBook; Shopify; Meta Commerce; FlipHTML5; Adobe; Yotpo,absent,,"Upload your new PDF or document version via the platform's ""Manage Versions"" or ""Replace"" option so the original shareable URL remains live."
How can I update my digital catalog without breaking the shared link or losing my product tags?,problem-led,False,dataforseo/google-ai-overview,2026-08-03,support.yotpo.com,https://support.yotpo.com/docs/updating-the-product-catalog,vendor,False,,absent,,"Update your digital catalog by using the platform's in-place file replacement or a stable product identifier (SKU/ID) sync, which preserves your original URL and retains existing product tags."
How can I update my digital catalog without breaking the shared link or losing my product tags?,problem-led,False,dataforseo/google-ai-overview,2026-08-03,youtube.com,https://www.youtube.com/watch?v=IO3EWvpWG8g,other,False,,absent,,"Update your digital catalog by using the platform's in-place file replacement or a stable product identifier (SKU/ID) sync, which preserves your original URL and retains existing product tags."
How can I update my digital catalog without breaking the shared link or losing my product tags?,problem-led,False,dataforseo/google-ai-overview,2026-08-03,zohodesk.dcatalog.com,https://zohodesk.dcatalog.com/portal/en/kb/articles/is-there-a-way-to-replace-our-current-catalog-file-with-a-new-one-without-changing-the-link-address-14-6-2023,vendor,False,,absent,,"Update your digital catalog by using the platform's in-place file replacement or a stable product identifier (SKU/ID) sync, which preserves your original URL and retains existing product tags."
How can I update my digital catalog without breaking the shared link or losing my product tags?,problem-led,False,dataforseo/google-ai-overview,2026-08-03,learn.microsoft.com,https://learn.microsoft.com/en-us/answers/questions/486493/sharepoint-document-id-replace-file-while-keeping,forum,False,,absent,,"Update your digital catalog by using the platform's in-place file replacement or a stable product identifier (SKU/ID) sync, which preserves your original URL and retains existing product tags."
How can I update my digital catalog without breaking the shared link or losing my product tags?,problem-led,False,dataforseo/google-ai-overview,2026-08-03,facebook.com,https://www.facebook.com/business/help/1013894008673621,vendor,False,,absent,,"Update your digital catalog by using the platform's in-place file replacement or a stable product identifier (SKU/ID) sync, which preserves your original URL and retains existing product tags."
How can I update my digital catalog without breaking the shared link or losing my product tags?,problem-led,False,dataforseo/google-ai-overview,2026-08-03,catalogy.com,https://www.catalogy.com/blog/how-to-share-a-catalog-online,vendor,False,,absent,,"Update your digital catalog by using the platform's in-place file replacement or a stable product identifier (SKU/ID) sync, which preserves your original URL and retains existing product tags."
How can I update my digital catalog without breaking the shared link or losing my product tags?,problem-led,False,dataforseo/google-ai-overview,2026-08-03,community.shopify.com,https://community.shopify.com/t/how-to-handle-constantly-changing-product-catalog/395054,forum,False,,absent,,"Update your digital catalog by using the platform's in-place file replacement or a stable product identifier (SKU/ID) sync, which preserves your original URL and retains existing product tags."
How can I update my digital catalog without breaking the shared link or losing my product tags?,problem-led,False,dataforseo/google-ai-overview,2026-08-03,smackcoders.com,https://www.smackcoders.com/blog/bulk-update-woocommerce-prices-and-stocks-using-csv.html?srsltid=AfmBOoqMvGugIVFzXj_3y95vQQZIkW0W6zImAcGhPZm3hM167ycRpmqJ,vendor,False,,absent,,"Update your digital catalog by using the platform's in-place file replacement or a stable product identifier (SKU/ID) sync, which preserves your original URL and retains existing product tags."
How can I update my digital catalog without breaking the shared link or losing my product tags?,problem-led,False,dataforseo/google-ai-overview,2026-08-03,help.flowhub.com,https://help.flowhub.com/en/articles/14808844-bulk-catalog-actions-update-products-and-pricing-via-csv,vendor,False,,absent,,"Update your digital catalog by using the platform's in-place file replacement or a stable product identifier (SKU/ID) sync, which preserves your original URL and retains existing product tags."
What's the best way to turn a PDF catalog into a shoppable experience with clickable product links?,problem-led,False,dataforseo/google-ai-overview,2026-08-03,dcatalog.com,https://dcatalog.com/shoppable-catalogs/,vendor,False,Flipsnack; DCatalog; iPaper,absent,,"The best way to turn a PDF catalog into a shoppable experience is by using dedicated digital publishing platforms like Flipsnack, DCatalog, or iPaper to convert the file into an interactive flipbook."
What's the best way to turn a PDF catalog into a shoppable experience with clickable product links?,problem-led,False,dataforseo/google-ai-overview,2026-08-03,i3dify.com,https://i3dify.com/blog/pdf-catalog-product-showcase,vendor,False,Flipsnack; DCatalog; iPaper,absent,,"The best way to turn a PDF catalog into a shoppable experience is by using dedicated digital publishing platforms like Flipsnack, DCatalog, or iPaper to convert the file into an interactive flipbook."
What's the best way to turn a PDF catalog into a shoppable experience with clickable product links?,problem-led,False,dataforseo/google-ai-overview,2026-08-03,youtube.com,https://www.youtube.com/watch?v=tnjNr7HPuAs&t=202,other,False,Flipsnack; DCatalog; iPaper,absent,,"The best way to turn a PDF catalog into a shoppable experience is by using dedicated digital publishing platforms like Flipsnack, DCatalog, or iPaper to convert the file into an interactive flipbook."
What's the best way to turn a PDF catalog into a shoppable experience with clickable product links?,problem-led,False,dataforseo/google-ai-overview,2026-08-03,flipsnack.com,https://www.flipsnack.com/digital-catalog,vendor,False,Flipsnack; DCatalog; iPaper,absent,,"The best way to turn a PDF catalog into a shoppable experience is by using dedicated digital publishing platforms like Flipsnack, DCatalog, or iPaper to convert the file into an interactive flipbook."
What's the best way to turn a PDF catalog into a shoppable experience with clickable product links?,problem-led,False,dataforseo/google-ai-overview,2026-08-03,digital-catalogue.com,https://www.digital-catalogue.com/success-strategies/transform-your-pdf-into-an-interactive-shopping-brochure-in-minutes,vendor,False,Flipsnack; DCatalog; iPaper,absent,,"The best way to turn a PDF catalog into a shoppable experience is by using dedicated digital publishing platforms like Flipsnack, DCatalog, or iPaper to convert the file into an interactive flipbook."
What's the best way to turn a PDF catalog into a shoppable experience with clickable product links?,problem-led,False,dataforseo/google-ai-overview,2026-08-03,ipaper.io,https://www.ipaper.io/use-case/convert-your-pdf,vendor,False,Flipsnack; DCatalog; iPaper,absent,,"The best way to turn a PDF catalog into a shoppable experience is by using dedicated digital publishing platforms like Flipsnack, DCatalog, or iPaper to convert the file into an interactive flipbook."
What's the best way to turn a PDF catalog into a shoppable experience with clickable product links?,problem-led,False,dataforseo/google-ai-overview,2026-08-03,dcatalog.com,https://dcatalog.com/shoppable-catalogs/,vendor,False,Flipsnack; DCatalog; 3D Issue,absent,,"The best way to turn a PDF catalog into a shoppable experience is to use a digital publishing platform like Flipsnack, DCatalog, or 3D Issue to convert your file into a flipbook, map interactive hotspots to products, and sync an e-commerce product feed."
What's the best way to turn a PDF catalog into a shoppable experience with clickable product links?,problem-led,False,dataforseo/google-ai-overview,2026-08-03,i3dify.com,https://i3dify.com/blog/pdf-catalog-product-showcase,vendor,False,Flipsnack; DCatalog; 3D Issue,absent,,"The best way to turn a PDF catalog into a shoppable experience is to use a digital publishing platform like Flipsnack, DCatalog, or 3D Issue to convert your file into a flipbook, map interactive hotspots to products, and sync an e-commerce product feed."
What's the best way to turn a PDF catalog into a shoppable experience with clickable product links?,problem-led,False,dataforseo/google-ai-overview,2026-08-03,3dissue.com,https://www.3dissue.com/how-to-make-your-digital-catalog-shoppable-a-step-by-step-guide/,vendor,False,Flipsnack; DCatalog; 3D Issue,absent,,"The best way to turn a PDF catalog into a shoppable experience is to use a digital publishing platform like Flipsnack, DCatalog, or 3D Issue to convert your file into a flipbook, map interactive hotspots to products, and sync an e-commerce product feed."
What's the best way to turn a PDF catalog into a shoppable experience with clickable product links?,problem-led,False,dataforseo/google-ai-overview,2026-08-03,youtube.com,https://www.youtube.com/watch?v=tnjNr7HPuAs&t=202,other,False,Flipsnack; DCatalog; 3D Issue,absent,,"The best way to turn a PDF catalog into a shoppable experience is to use a digital publishing platform like Flipsnack, DCatalog, or 3D Issue to convert your file into a flipbook, map interactive hotspots to products, and sync an e-commerce product feed."
What's the best way to turn a PDF catalog into a shoppable experience with clickable product links?,problem-led,False,dataforseo/google-ai-overview,2026-08-03,digital-catalogue.com,https://www.digital-catalogue.com/success-strategies/transform-your-pdf-into-an-interactive-shopping-brochure-in-minutes,vendor,False,Flipsnack; DCatalog; 3D Issue,absent,,"The best way to turn a PDF catalog into a shoppable experience is to use a digital publishing platform like Flipsnack, DCatalog, or 3D Issue to convert your file into a flipbook, map interactive hotspots to products, and sync an e-commerce product feed."
What's the best way to turn a PDF catalog into a shoppable experience with clickable product links?,problem-led,False,dataforseo/google-ai-overview,2026-08-03,fliplink.me,https://fliplink.me/blog/free-online-catalog-maker-ecommerce,vendor,False,Flipsnack; DCatalog; 3D Issue,absent,,"The best way to turn a PDF catalog into a shoppable experience is to use a digital publishing platform like Flipsnack, DCatalog, or 3D Issue to convert your file into a flipbook, map interactive hotspots to products, and sync an e-commerce product feed."
What's the best way to turn a PDF catalog into a shoppable experience with clickable product links?,problem-led,False,dataforseo/google-ai-overview,2026-08-03,quora.com,https://www.quora.com/How-can-I-transform-a-pdf-catalog-in-an-interactive-online-offline-shopping-cart,forum,False,Flipsnack; DCatalog; 3D Issue,absent,,"The best way to turn a PDF catalog into a shoppable experience is to use a digital publishing platform like Flipsnack, DCatalog, or 3D Issue to convert your file into a flipbook, map interactive hotspots to products, and sync an e-commerce product feed."
What's the best way to turn a PDF catalog into a shoppable experience with clickable product links?,problem-led,False,dataforseo/google-ai-overview,2026-08-03,dcatalog.com,https://dcatalog.com/shoppable-catalogs/,vendor,False,Flipsnack; DCatalog; 3D Issue,absent,,"The best way to turn a PDF catalog into a shoppable experience is to use a digital flipbook and hotspot platform like Flipsnack, DCatalog, or 3D Issue, which converts static pages into web-ready formats and links items using manual or automated product feeds."
What's the best way to turn a PDF catalog into a shoppable experience with clickable product links?,problem-led,False,dataforseo/google-ai-overview,2026-08-03,3dissue.com,https://www.3dissue.com/how-to-make-your-digital-catalog-shoppable-a-step-by-step-guide/,vendor,False,Flipsnack; DCatalog; 3D Issue,absent,,"The best way to turn a PDF catalog into a shoppable experience is to use a digital flipbook and hotspot platform like Flipsnack, DCatalog, or 3D Issue, which converts static pages into web-ready formats and links items using manual or automated product feeds."
What's the best way to turn a PDF catalog into a shoppable experience with clickable product links?,problem-led,False,dataforseo/google-ai-overview,2026-08-03,youtube.com,https://www.youtube.com/watch?v=tnjNr7HPuAs&t=202,other,False,Flipsnack; DCatalog; 3D Issue,absent,,"The best way to turn a PDF catalog into a shoppable experience is to use a digital flipbook and hotspot platform like Flipsnack, DCatalog, or 3D Issue, which converts static pages into web-ready formats and links items using manual or automated product feeds."
What's the best way to turn a PDF catalog into a shoppable experience with clickable product links?,problem-led,False,dataforseo/google-ai-overview,2026-08-03,fliplink.me,https://fliplink.me/blog/how-to-create-digital-catalog-from-pdf,vendor,False,Flipsnack; DCatalog; 3D Issue,absent,,"The best way to turn a PDF catalog into a shoppable experience is to use a digital flipbook and hotspot platform like Flipsnack, DCatalog, or 3D Issue, which converts static pages into web-ready formats and links items using manual or automated product feeds."
What's the best way to turn a PDF catalog into a shoppable experience with clickable product links?,problem-led,False,dataforseo/google-ai-overview,2026-08-03,flipsnack.com,https://www.flipsnack.com/interactive-pdf,vendor,False,Flipsnack; DCatalog; 3D Issue,absent,,"The best way to turn a PDF catalog into a shoppable experience is to use a digital flipbook and hotspot platform like Flipsnack, DCatalog, or 3D Issue, which converts static pages into web-ready formats and links items using manual or automated product feeds."
What's the best way to turn a PDF catalog into a shoppable experience with clickable product links?,problem-led,False,dataforseo/google-ai-overview,2026-08-03,reddit.com,https://www.reddit.com/r/graphic_design/comments/118us0d/what_is_the_best_programsite_to_post_interactive/,forum,False,Flipsnack; DCatalog; 3D Issue,absent,,"The best way to turn a PDF catalog into a shoppable experience is to use a digital flipbook and hotspot platform like Flipsnack, DCatalog, or 3D Issue, which converts static pages into web-ready formats and links items using manual or automated product feeds."
How do I track conversions and sales from a digital catalog or flipbook in GA4?,problem-led,False,dataforseo/google-ai-overview,2026-08-03,flippingbook.com,https://flippingbook.com/help/common/what-can-i-track-in-ga4,vendor,False,FlippingBook; Flipsnack; DCatalog; Issuu,absent,,"Copy your Measurement ID from your GA4 Data Streams and paste it into your flipbook software's analytics settings (such as FlippingBook, Flipsnack, or DCatalog)."
How do I track conversions and sales from a digital catalog or flipbook in GA4?,problem-led,False,dataforseo/google-ai-overview,2026-08-03,dcatalog.com,https://dcatalog.com/google-analytics-4-with-dcatalog/,vendor,False,FlippingBook; Flipsnack; DCatalog; Issuu,absent,,"Copy your Measurement ID from your GA4 Data Streams and paste it into your flipbook software's analytics settings (such as FlippingBook, Flipsnack, or DCatalog)."
How do I track conversions and sales from a digital catalog or flipbook in GA4?,problem-led,False,dataforseo/google-ai-overview,2026-08-03,youtube.com,https://www.youtube.com/watch?v=msQ-vCNf90Q&t=403,other,False,FlippingBook; Flipsnack; DCatalog; Issuu,absent,,"Copy your Measurement ID from your GA4 Data Streams and paste it into your flipbook software's analytics settings (such as FlippingBook, Flipsnack, or DCatalog)."
How do I track conversions and sales from a digital catalog or flipbook in GA4?,problem-led,False,dataforseo/google-ai-overview,2026-08-03,analyticsmania.com,https://www.analyticsmania.com/post/outbound-clicks-with-google-analytics-4/,publication,False,FlippingBook; Flipsnack; DCatalog; Issuu,absent,,"Copy your Measurement ID from your GA4 Data Streams and paste it into your flipbook software's analytics settings (such as FlippingBook, Flipsnack, or DCatalog)."
How do I track conversions and sales from a digital catalog or flipbook in GA4?,problem-led,False,dataforseo/google-ai-overview,2026-08-03,measureu.com,https://measureu.com/how-to-track-clicks-in-google-analytics-4/,publication,False,FlippingBook; Flipsnack; DCatalog; Issuu,absent,,"Copy your Measurement ID from your GA4 Data Streams and paste it into your flipbook software's analytics settings (such as FlippingBook, Flipsnack, or DCatalog)."
How do I track conversions and sales from a digital catalog or flipbook in GA4?,problem-led,False,dataforseo/google-ai-overview,2026-08-03,echovme.in,https://echovme.in/blog/track-button-ga4/,publication,False,FlippingBook; Flipsnack; DCatalog; Issuu,absent,,"Copy your Measurement ID from your GA4 Data Streams and paste it into your flipbook software's analytics settings (such as FlippingBook, Flipsnack, or DCatalog)."
How do I track conversions and sales from a digital catalog or flipbook in GA4?,problem-led,False,dataforseo/google-ai-overview,2026-08-03,support.google.com,https://support.google.com/analytics/thread/363744312/how-to-track-form-submissions-as-conversions-in-ga4-popup-form-on-%E2%80%9Cbook-now%E2%80%9D-pages?hl=en,forum,False,FlippingBook; Flipsnack; DCatalog; Issuu,absent,,"Copy your Measurement ID from your GA4 Data Streams and paste it into your flipbook software's analytics settings (such as FlippingBook, Flipsnack, or DCatalog)."
How do I track conversions and sales from a digital catalog or flipbook in GA4?,problem-led,False,dataforseo/google-ai-overview,2026-08-03,help.flipsnack.com,https://help.flipsnack.com/en/articles/107469-google-analytics-integration-and-tracking,vendor,False,FlippingBook; Flipsnack; DCatalog; Issuu,absent,,"Copy your Measurement ID from your GA4 Data Streams and paste it into your flipbook software's analytics settings (such as FlippingBook, Flipsnack, or DCatalog)."
How do I track conversions and sales from a digital catalog or flipbook in GA4?,problem-led,False,dataforseo/google-ai-overview,2026-08-03,digitalanalystteam.com,https://digitalanalystteam.com/how-to-easily-create-and-track-conversions-in-google-analytics-4/,publication,False,FlippingBook; Flipsnack; DCatalog; Issuu,absent,,"Copy your Measurement ID from your GA4 Data Streams and paste it into your flipbook software's analytics settings (such as FlippingBook, Flipsnack, or DCatalog)."
How do I track conversions and sales from a digital catalog or flipbook in GA4?,problem-led,False,dataforseo/google-ai-overview,2026-08-03,youngurbanproject.com,https://www.youngurbanproject.com/how-to-track-website-conversions-using-google-analytics/,publication,False,FlippingBook; Flipsnack; DCatalog; Issuu,absent,,"Copy your Measurement ID from your GA4 Data Streams and paste it into your flipbook software's analytics settings (such as FlippingBook, Flipsnack, or DCatalog)."
How do I track conversions and sales from a digital catalog or flipbook in GA4?,problem-led,False,dataforseo/google-ai-overview,2026-08-03,youtube.com,https://www.youtube.com/watch?v=A546lw0g_4s&t=33,other,False,Paperturn; iPaper; FlippingBook; Flipsnack; FlipHTML5; Visual Paradigm,absent,,"Open your digital catalog tool (such as FlippingBook, Flipsnack, or iPaper), navigate to the analytics or integration settings for your publication, and paste your Measurement ID."
How do I track conversions and sales from a digital catalog or flipbook in GA4?,problem-led,False,dataforseo/google-ai-overview,2026-08-03,dcatalog.com,https://dcatalog.com/google-analytics-4-with-dcatalog/,vendor,False,Paperturn; iPaper; FlippingBook; Flipsnack; FlipHTML5; Visual Paradigm,absent,,"Open your digital catalog tool (such as FlippingBook, Flipsnack, or iPaper), navigate to the analytics or integration settings for your publication, and paste your Measurement ID."
How do I track conversions and sales from a digital catalog or flipbook in GA4?,problem-led,False,dataforseo/google-ai-overview,2026-08-03,flippingbook.com,https://flippingbook.com/help/common/what-can-i-track-in-ga4,vendor,False,Paperturn; iPaper; FlippingBook; Flipsnack; FlipHTML5; Visual Paradigm,absent,,"Open your digital catalog tool (such as FlippingBook, Flipsnack, or iPaper), navigate to the analytics or integration settings for your publication, and paste your Measurement ID."
How do I track conversions and sales from a digital catalog or flipbook in GA4?,problem-led,False,dataforseo/google-ai-overview,2026-08-03,hatsoffdigital.com,https://www.hatsoffdigital.com/blogs/search-engine-optimization/how-to-track-and-compare-sales-in-ga4/,publication,False,Paperturn; iPaper; FlippingBook; Flipsnack; FlipHTML5; Visual Paradigm,absent,,"Open your digital catalog tool (such as FlippingBook, Flipsnack, or iPaper), navigate to the analytics or integration settings for your publication, and paste your Measurement ID."
How do I track conversions and sales from a digital catalog or flipbook in GA4?,problem-led,False,dataforseo/google-ai-overview,2026-08-03,paperturn.com,https://www.paperturn.com/flipbook-help-center/how-to-track-flipbook-performance,vendor,False,Paperturn; iPaper; FlippingBook; Flipsnack; FlipHTML5; Visual Paradigm,absent,,"Open your digital catalog tool (such as FlippingBook, Flipsnack, or iPaper), navigate to the analytics or integration settings for your publication, and paste your Measurement ID."
How do I track conversions and sales from a digital catalog or flipbook in GA4?,problem-led,False,dataforseo/google-ai-overview,2026-08-03,help.fliphtml5.com,https://help.fliphtml5.com/docs/google-analytics-4-integration-and-flipbooks-tracking/,vendor,False,Paperturn; iPaper; FlippingBook; Flipsnack; FlipHTML5; Visual Paradigm,absent,,"Open your digital catalog tool (such as FlippingBook, Flipsnack, or iPaper), navigate to the analytics or integration settings for your publication, and paste your Measurement ID."
How do I track conversions and sales from a digital catalog or flipbook in GA4?,problem-led,False,dataforseo/google-ai-overview,2026-08-03,help.flipsnack.com,https://help.flipsnack.com/en/articles/5804386-gtm-integration-in-flipbook-player,vendor,False,Paperturn; iPaper; FlippingBook; Flipsnack; FlipHTML5; Visual Paradigm,absent,,"Open your digital catalog tool (such as FlippingBook, Flipsnack, or iPaper), navigate to the analytics or integration settings for your publication, and paste your Measurement ID."
How do I track conversions and sales from a digital catalog or flipbook in GA4?,problem-led,False,dataforseo/google-ai-overview,2026-08-03,archimetric.com,https://www.archimetric.com/from-static-documents-to-strategic-growth-the-ultimate-guide-to-boosting-business-with-flipbooks-google-analytics-4/,publication,False,Paperturn; iPaper; FlippingBook; Flipsnack; FlipHTML5; Visual Paradigm,absent,,"Open your digital catalog tool (such as FlippingBook, Flipsnack, or iPaper), navigate to the analytics or integration settings for your publication, and paste your Measurement ID."
How do I track conversions and sales from a digital catalog or flipbook in GA4?,problem-led,False,dataforseo/google-ai-overview,2026-08-03,help.ipaper.io,https://help.ipaper.io/en/articles/5876452-set-up-tracking-in-ga4,vendor,False,Paperturn; iPaper; FlippingBook; Flipsnack; FlipHTML5; Visual Paradigm,absent,,"Open your digital catalog tool (such as FlippingBook, Flipsnack, or iPaper), navigate to the analytics or integration settings for your publication, and paste your Measurement ID."
How do I track conversions and sales from a digital catalog or flipbook in GA4?,problem-led,False,dataforseo/google-ai-overview,2026-08-03,blog.visual-paradigm.com,https://blog.visual-paradigm.com/tracking-flipbook-views-with-google-analytics-integration/,vendor,False,Paperturn; iPaper; FlippingBook; Flipsnack; FlipHTML5; Visual Paradigm,absent,,"Open your digital catalog tool (such as FlippingBook, Flipsnack, or iPaper), navigate to the analytics or integration settings for your publication, and paste your Measurement ID."
How do I track conversions and sales from a digital catalog or flipbook in GA4?,problem-led,False,dataforseo/google-ai-overview,2026-08-03,sugarpixels.com,https://www.sugarpixels.com/organic-search-in-google-analytics/,publication,False,Paperturn; iPaper; FlippingBook; Flipsnack; FlipHTML5; Visual Paradigm,absent,,"Open your digital catalog tool (such as FlippingBook, Flipsnack, or iPaper), navigate to the analytics or integration settings for your publication, and paste your Measurement ID."
How do I track conversions and sales from a digital catalog or flipbook in GA4?,problem-led,False,dataforseo/google-ai-overview,2026-08-03,convert.elevio.help,https://convert.elevio.help/en/articles/85704-how-to-exclude-google-shopping-traffic-into-your-experiment,vendor,False,Paperturn; iPaper; FlippingBook; Flipsnack; FlipHTML5; Visual Paradigm,absent,,"Open your digital catalog tool (such as FlippingBook, Flipsnack, or iPaper), navigate to the analytics or integration settings for your publication, and paste your Measurement ID."
How do I track conversions and sales from a digital catalog or flipbook in GA4?,problem-led,False,dataforseo/google-ai-overview,2026-08-03,lyxelandflamingo.com,https://lyxelandflamingo.com/blogs/media-creative-optimisation/incorporating-ga4-with-gtm-a-step-by-step-guide/,publication,False,Paperturn; iPaper; FlippingBook; Flipsnack; FlipHTML5; Visual Paradigm,absent,,"Open your digital catalog tool (such as FlippingBook, Flipsnack, or iPaper), navigate to the analytics or integration settings for your publication, and paste your Measurement ID."
How do I track conversions and sales from a digital catalog or flipbook in GA4?,problem-led,False,dataforseo/google-ai-overview,2026-08-03,publitas.com,https://www.publitas.com/blog/how-to-turn-a-flipbook-into-a-revenue-channel/,vendor,True,FlippingBook; Paperturn; FlipHTML5; Flipsnack,neutral,5,"If you share your flipbook hosting platform (e.g., Flipsnack, Publitas, or custom PDF viewer) and whether you use Google Tag Manager, I can provide precise steps for your setup."
How do I track conversions and sales from a digital catalog or flipbook in GA4?,problem-led,False,dataforseo/google-ai-overview,2026-08-03,dcatalog.com,https://dcatalog.com/google-analytics-4-with-dcatalog/,vendor,True,FlippingBook; Paperturn; FlipHTML5; Flipsnack,neutral,5,"If you share your flipbook hosting platform (e.g., Flipsnack, Publitas, or custom PDF viewer) and whether you use Google Tag Manager, I can provide precise steps for your setup."
How do I track conversions and sales from a digital catalog or flipbook in GA4?,problem-led,False,dataforseo/google-ai-overview,2026-08-03,paperturn.com,https://www.paperturn.com/flipbook-help-center/how-to-add-ga4-tracking-to-flipbooks,vendor,True,FlippingBook; Paperturn; FlipHTML5; Flipsnack,neutral,5,"If you share your flipbook hosting platform (e.g., Flipsnack, Publitas, or custom PDF viewer) and whether you use Google Tag Manager, I can provide precise steps for your setup."
How do I track conversions and sales from a digital catalog or flipbook in GA4?,problem-led,False,dataforseo/google-ai-overview,2026-08-03,flippingbook.com,https://flippingbook.com/help/online/statistics/setting-up-google-analytics,vendor,True,FlippingBook; Paperturn; FlipHTML5; Flipsnack,neutral,5,"If you share your flipbook hosting platform (e.g., Flipsnack, Publitas, or custom PDF viewer) and whether you use Google Tag Manager, I can provide precise steps for your setup."
How do I track conversions and sales from a digital catalog or flipbook in GA4?,problem-led,False,dataforseo/google-ai-overview,2026-08-03,support.google.com,https://support.google.com/analytics/thread/322485307/how-to-track-conversion-rates-and-sales-for-specific-collection-pages-in-google-analytics-4?hl=en,forum,True,FlippingBook; Paperturn; FlipHTML5; Flipsnack,neutral,5,"If you share your flipbook hosting platform (e.g., Flipsnack, Publitas, or custom PDF viewer) and whether you use Google Tag Manager, I can provide precise steps for your setup."
How do I track conversions and sales from a digital catalog or flipbook in GA4?,problem-led,False,dataforseo/google-ai-overview,2026-08-03,hatsoffdigital.com,https://www.hatsoffdigital.com/blogs/search-engine-optimization/how-to-track-and-compare-sales-in-ga4/,publication,True,FlippingBook; Paperturn; FlipHTML5; Flipsnack,neutral,5,"If you share your flipbook hosting platform (e.g., Flipsnack, Publitas, or custom PDF viewer) and whether you use Google Tag Manager, I can provide precise steps for your setup."
How do I track conversions and sales from a digital catalog or flipbook in GA4?,problem-led,False,dataforseo/google-ai-overview,2026-08-03,help.fliphtml5.com,https://help.fliphtml5.com/docs/google-analytics-4-integration-and-flipbooks-tracking/,vendor,True,FlippingBook; Paperturn; FlipHTML5; Flipsnack,neutral,5,"If you share your flipbook hosting platform (e.g., Flipsnack, Publitas, or custom PDF viewer) and whether you use Google Tag Manager, I can provide precise steps for your setup."
How do I track conversions and sales from a digital catalog or flipbook in GA4?,problem-led,False,dataforseo/google-ai-overview,2026-08-03,youtube.com,https://www.youtube.com/watch?v=A546lw0g_4s&t=45,publication,True,FlippingBook; Paperturn; FlipHTML5; Flipsnack,neutral,5,"If you share your flipbook hosting platform (e.g., Flipsnack, Publitas, or custom PDF viewer) and whether you use Google Tag Manager, I can provide precise steps for your setup."
How do I track conversions and sales from a digital catalog or flipbook in GA4?,problem-led,False,dataforseo/google-ai-overview,2026-08-03,meta.discourse.org,https://meta.discourse.org/t/google-analytics-4-click-and-conversion-event-tracking/309221,forum,True,FlippingBook; Paperturn; FlipHTML5; Flipsnack,neutral,5,"If you share your flipbook hosting platform (e.g., Flipsnack, Publitas, or custom PDF viewer) and whether you use Google Tag Manager, I can provide precise steps for your setup."
How do I track conversions and sales from a digital catalog or flipbook in GA4?,problem-led,False,dataforseo/google-ai-overview,2026-08-03,neilpatel.com,https://neilpatel.com/blog/track-conversions-with-google-analytics/,publication,True,FlippingBook; Paperturn; FlipHTML5; Flipsnack,neutral,5,"If you share your flipbook hosting platform (e.g., Flipsnack, Publitas, or custom PDF viewer) and whether you use Google Tag Manager, I can provide precise steps for your setup."
How do I track conversions and sales from a digital catalog or flipbook in GA4?,problem-led,False,dataforseo/google-ai-overview,2026-08-03,influenceflow.io,https://influenceflow.io/resources/google-analytics-4-conversion-tracking-complete-guide-for-2026/,publication,True,FlippingBook; Paperturn; FlipHTML5; Flipsnack,neutral,5,"If you share your flipbook hosting platform (e.g., Flipsnack, Publitas, or custom PDF viewer) and whether you use Google Tag Manager, I can provide precise steps for your setup."
How do I track conversions and sales from a digital catalog or flipbook in GA4?,problem-led,False,dataforseo/google-ai-overview,2026-08-03,lunio.ai,https://www.lunio.ai/blog/google-analytics-ga4-guide,vendor,True,FlippingBook; Paperturn; FlipHTML5; Flipsnack,neutral,5,"If you share your flipbook hosting platform (e.g., Flipsnack, Publitas, or custom PDF viewer) and whether you use Google Tag Manager, I can provide precise steps for your setup."
How do I track conversions and sales from a digital catalog or flipbook in GA4?,problem-led,False,dataforseo/google-ai-overview,2026-08-03,fittdesign.com,https://www.fittdesign.com/blog/ga4-for-shopify-how-to-set-it-up-test-it-and-avoid-duplicate-tracking-beginners-guide?srsltid=AfmBOoqZEBMxaSQt5sNH8Qf5bKeIEJRqdMtYhXtHazm9jtxLiv0J2CEz,vendor,True,FlippingBook; Paperturn; FlipHTML5; Flipsnack,neutral,5,"If you share your flipbook hosting platform (e.g., Flipsnack, Publitas, or custom PDF viewer) and whether you use Google Tag Manager, I can provide precise steps for your setup."
What's the best digital catalog platform for managing and scheduling dozens of catalogs at once?,problem-led,False,dataforseo/google-ai-overview,2026-08-03,dcatalog.com,https://dcatalog.com/,vendor,False,DCatalog; Productsup; Akeneo,absent,,"The best platforms for managing and bulk-scheduling dozens of digital catalogs at once are DCatalog, Productsup, and Akeneo. These tools excel at handling automated feeds, multi-version campaigns, and high-volume scheduling without manual file reconstruction."
What's the best digital catalog platform for managing and scheduling dozens of catalogs at once?,problem-led,False,dataforseo/google-ai-overview,2026-08-03,publitas.com,https://www.publitas.com/blog/catalog-management-software-guide/,vendor,False,DCatalog; Productsup; Akeneo,absent,,"The best platforms for managing and bulk-scheduling dozens of digital catalogs at once are DCatalog, Productsup, and Akeneo. These tools excel at handling automated feeds, multi-version campaigns, and high-volume scheduling without manual file reconstruction."
What's the best digital catalog platform for managing and scheduling dozens of catalogs at once?,problem-led,False,dataforseo/google-ai-overview,2026-08-03,odoopim.com,https://odoopim.com/blog/best-catalog-management-software/,listicle,False,DCatalog; Productsup; Akeneo,absent,,"The best platforms for managing and bulk-scheduling dozens of digital catalogs at once are DCatalog, Productsup, and Akeneo. These tools excel at handling automated feeds, multi-version campaigns, and high-volume scheduling without manual file reconstruction."
What's the best digital catalog platform for managing and scheduling dozens of catalogs at once?,problem-led,False,dataforseo/google-ai-overview,2026-08-03,guideflow.com,https://www.guideflow.com/blog/catalog-management-software,listicle,False,DCatalog; Productsup; Akeneo,absent,,"The best platforms for managing and bulk-scheduling dozens of digital catalogs at once are DCatalog, Productsup, and Akeneo. These tools excel at handling automated feeds, multi-version campaigns, and high-volume scheduling without manual file reconstruction."
What's the best digital catalog platform for managing and scheduling dozens of catalogs at once?,problem-led,False,dataforseo/google-ai-overview,2026-08-03,getapp.com,https://www.getapp.com/retail-consumer-services-software/catalog-management/f/multi-channel-management/,review-site,False,DCatalog; Productsup; Akeneo,absent,,"The best platforms for managing and bulk-scheduling dozens of digital catalogs at once are DCatalog, Productsup, and Akeneo. These tools excel at handling automated feeds, multi-version campaigns, and high-volume scheduling without manual file reconstruction."
What's the best digital catalog platform for managing and scheduling dozens of catalogs at once?,problem-led,False,dataforseo/google-ai-overview,2026-08-03,agneovo.com,https://www.agneovo.com/pl/insight/5-reasons-to-use-all-in-one-digital-signage-displays-for-retail-stores-and-restaurants?srsltid=AfmBOooVi0P1ry0QyRcZWw5umEJDKfXhXT4mcEEGmER-FwrEqSGYapXL,publication,False,DCatalog; Productsup; Akeneo,absent,,"The best platforms for managing and bulk-scheduling dozens of digital catalogs at once are DCatalog, Productsup, and Akeneo. These tools excel at handling automated feeds, multi-version campaigns, and high-volume scheduling without manual file reconstruction."
What's the best digital catalog platform for managing and scheduling dozens of catalogs at once?,problem-led,False,dataforseo/google-ai-overview,2026-08-03,dcatalog.com,https://dcatalog.com/,vendor,False,Plytix; Productsup; DCatalog,absent,,"The best platforms for managing and scheduling multiple product catalogs at scale are Plytix, Productsup , and DCatalog. These tools excel at handling bulk data feeds, automating updates, and controlling multi-channel distribution."
What's the best digital catalog platform for managing and scheduling dozens of catalogs at once?,problem-led,False,dataforseo/google-ai-overview,2026-08-03,g2.com,https://www.g2.com/discussions/best-catalog-software-for-multi-channel-selling,forum,False,Plytix; Productsup; DCatalog,absent,,"The best platforms for managing and scheduling multiple product catalogs at scale are Plytix, Productsup , and DCatalog. These tools excel at handling bulk data feeds, automating updates, and controlling multi-channel distribution."
What's the best digital catalog platform for managing and scheduling dozens of catalogs at once?,problem-led,False,dataforseo/google-ai-overview,2026-08-03,publitas.com,https://www.publitas.com/blog/catalog-management-software-guide/,vendor,False,Plytix; Productsup; DCatalog,absent,,"The best platforms for managing and scheduling multiple product catalogs at scale are Plytix, Productsup , and DCatalog. These tools excel at handling bulk data feeds, automating updates, and controlling multi-channel distribution."
What's the best digital catalog platform for managing and scheduling dozens of catalogs at once?,problem-led,False,dataforseo/google-ai-overview,2026-08-03,getapp.com,https://www.getapp.com/retail-consumer-services-software/catalog-management/f/multi-channel-management/,review-site,False,Plytix; Productsup; DCatalog,absent,,"The best platforms for managing and scheduling multiple product catalogs at scale are Plytix, Productsup , and DCatalog. These tools excel at handling bulk data feeds, automating updates, and controlling multi-channel distribution."
What's the best digital catalog platform for managing and scheduling dozens of catalogs at once?,problem-led,False,dataforseo/google-ai-overview,2026-08-03,wisepim.com,https://wisepim.com/ecommerce-dictionary/data-syndication-platform,vendor,False,Plytix; Productsup; DCatalog,absent,,"The best platforms for managing and scheduling multiple product catalogs at scale are Plytix, Productsup , and DCatalog. These tools excel at handling bulk data feeds, automating updates, and controlling multi-channel distribution."
What's the best digital catalog platform for managing and scheduling dozens of catalogs at once?,problem-led,False,dataforseo/google-ai-overview,2026-08-03,omegatheme.com,https://www.omegatheme.com/blogs/feed-management-tools,listicle,False,Plytix; Productsup; DCatalog,absent,,"The best platforms for managing and scheduling multiple product catalogs at scale are Plytix, Productsup , and DCatalog. These tools excel at handling bulk data feeds, automating updates, and controlling multi-channel distribution."
What's the best digital catalog platform for managing and scheduling dozens of catalogs at once?,problem-led,False,dataforseo/google-ai-overview,2026-08-03,catsy.com,https://catsy.com/blog/ecommerce-catalog-management/,vendor,False,Plytix; Productsup; DCatalog,absent,,"The best platforms for managing and scheduling multiple product catalogs at scale are Plytix, Productsup , and DCatalog. These tools excel at handling bulk data feeds, automating updates, and controlling multi-channel distribution."
What's the best digital catalog platform for managing and scheduling dozens of catalogs at once?,problem-led,False,dataforseo/google-ai-overview,2026-08-03,circulio.com,https://www.circulio.com/platform/,vendor,False,Plytix; Productsup; DCatalog,absent,,"The best platforms for managing and scheduling multiple product catalogs at scale are Plytix, Productsup , and DCatalog. These tools excel at handling bulk data feeds, automating updates, and controlling multi-channel distribution."
What's the best digital catalog platform for managing and scheduling dozens of catalogs at once?,problem-led,False,dataforseo/google-ai-overview,2026-08-03,dcatalog.com,https://dcatalog.com/,vendor,True,DCatalog; Pimcore,positive,1,"The best platforms for managing and scheduling dozens of digital catalogs at once are Publitas, DCatalog, and Pimcore, which specialize in bulk automation, precise live scheduling, and multi-channel synchronization."
What's the best digital catalog platform for managing and scheduling dozens of catalogs at once?,problem-led,False,dataforseo/google-ai-overview,2026-08-03,odoopim.com,https://odoopim.com/blog/best-catalog-management-software/,listicle,True,DCatalog; Pimcore,positive,1,"The best platforms for managing and scheduling dozens of digital catalogs at once are Publitas, DCatalog, and Pimcore, which specialize in bulk automation, precise live scheduling, and multi-channel synchronization."
What's the best digital catalog platform for managing and scheduling dozens of catalogs at once?,problem-led,False,dataforseo/google-ai-overview,2026-08-03,getapp.com,https://www.getapp.com/retail-consumer-services-software/catalog-management/f/categorization/,review-site,True,DCatalog; Pimcore,positive,1,"The best platforms for managing and scheduling dozens of digital catalogs at once are Publitas, DCatalog, and Pimcore, which specialize in bulk automation, precise live scheduling, and multi-channel synchronization."
What's the best digital catalog platform for managing and scheduling dozens of catalogs at once?,problem-led,False,dataforseo/google-ai-overview,2026-08-03,publitas.com,https://www.publitas.com/blog/catalog-management-software-guide/,vendor,True,DCatalog; Pimcore,positive,1,"The best platforms for managing and scheduling dozens of digital catalogs at once are Publitas, DCatalog, and Pimcore, which specialize in bulk automation, precise live scheduling, and multi-channel synchronization."
What's the best digital catalog platform for managing and scheduling dozens of catalogs at once?,problem-led,False,dataforseo/google-ai-overview,2026-08-03,pimcore.com,https://pimcore.com/en/products/product-information-management/product-catalog-management,vendor,True,DCatalog; Pimcore,positive,1,"The best platforms for managing and scheduling dozens of digital catalogs at once are Publitas, DCatalog, and Pimcore, which specialize in bulk automation, precise live scheduling, and multi-channel synchronization."
What's the best digital catalog platform for managing and scheduling dozens of catalogs at once?,problem-led,False,dataforseo/google-ai-overview,2026-08-03,cxtoday.com,https://www.cxtoday.com/customer-analytics-intelligence/the-top-digital-experience-platform-dxp-providers-in-2025/,listicle,True,DCatalog; Pimcore,positive,1,"The best platforms for managing and scheduling dozens of digital catalogs at once are Publitas, DCatalog, and Pimcore, which specialize in bulk automation, precise live scheduling, and multi-channel synchronization."
What's the best digital catalog platform for managing and scheduling dozens of catalogs at once?,problem-led,False,dataforseo/google-ai-overview,2026-08-03,calendhub.com,https://calendhub.com/,vendor,True,DCatalog; Pimcore,positive,1,"The best platforms for managing and scheduling dozens of digital catalogs at once are Publitas, DCatalog, and Pimcore, which specialize in bulk automation, precise live scheduling, and multi-channel synchronization."
Is there an ADA-compliant digital catalog or flipbook platform for enterprise use?,problem-led,False,dataforseo/google-ai-overview,2026-08-03,dcatalog.com,https://dcatalog.com/ada-friendly-flipbooks/,vendor,False,Flipsnack; 3D Issue; DCatalog; FlippingBook,absent,,"enterprise-grade digital catalog platforms like Flipsnack, 3D Issue, and DCatalog offer accessibility features, but no platform is strictly ""ADA-compliant out-of-the-box"" without proper input from the user."
Is there an ADA-compliant digital catalog or flipbook platform for enterprise use?,problem-led,False,dataforseo/google-ai-overview,2026-08-03,flippingbook.com,https://flippingbook.com/blog/guides/turning-pdf-into-ada-compliant-flipbook,vendor,False,Flipsnack; 3D Issue; DCatalog; FlippingBook,absent,,"enterprise-grade digital catalog platforms like Flipsnack, 3D Issue, and DCatalog offer accessibility features, but no platform is strictly ""ADA-compliant out-of-the-box"" without proper input from the user."
Is there an ADA-compliant digital catalog or flipbook platform for enterprise use?,problem-led,False,dataforseo/google-ai-overview,2026-08-03,flipsnack.com,https://www.flipsnack.com/accessibility,vendor,False,Flipsnack; 3D Issue; DCatalog; FlippingBook,absent,,"enterprise-grade digital catalog platforms like Flipsnack, 3D Issue, and DCatalog offer accessibility features, but no platform is strictly ""ADA-compliant out-of-the-box"" without proper input from the user."
Is there an ADA-compliant digital catalog or flipbook platform for enterprise use?,problem-led,False,dataforseo/google-ai-overview,2026-08-03,reddit.com,https://www.reddit.com/r/accessibility/comments/1icaif6/are_there_any_flipbook_vendors_that_are_fully/,forum,False,Flipsnack; 3D Issue; DCatalog; FlippingBook,absent,,"enterprise-grade digital catalog platforms like Flipsnack, 3D Issue, and DCatalog offer accessibility features, but no platform is strictly ""ADA-compliant out-of-the-box"" without proper input from the user."
Is there an ADA-compliant digital catalog or flipbook platform for enterprise use?,problem-led,False,dataforseo/google-ai-overview,2026-08-03,vendors.accessibility.com,https://vendors.accessibility.com/vendor/flipsnack/,other,False,Flipsnack; 3D Issue; DCatalog; FlippingBook,absent,,"enterprise-grade digital catalog platforms like Flipsnack, 3D Issue, and DCatalog offer accessibility features, but no platform is strictly ""ADA-compliant out-of-the-box"" without proper input from the user."
Is there an ADA-compliant digital catalog or flipbook platform for enterprise use?,problem-led,False,dataforseo/google-ai-overview,2026-08-03,3dissue.com,https://www.3dissue.com/a-beginners-guide-to-building-interactive-flipbooks-from-pdfs/,vendor,False,Flipsnack; 3D Issue; DCatalog; FlippingBook,absent,,"enterprise-grade digital catalog platforms like Flipsnack, 3D Issue, and DCatalog offer accessibility features, but no platform is strictly ""ADA-compliant out-of-the-box"" without proper input from the user."
Is there an ADA-compliant digital catalog or flipbook platform for enterprise use?,problem-led,False,dataforseo/google-ai-overview,2026-08-03,youtube.com,https://www.youtube.com/watch?v=G6r0k2UaQAQ&t=4,vendor,False,Flipsnack; 3D Issue; DCatalog; FlippingBook,absent,,"enterprise-grade digital catalog platforms like Flipsnack, 3D Issue, and DCatalog offer accessibility features, but no platform is strictly ""ADA-compliant out-of-the-box"" without proper input from the user."
Is there an ADA-compliant digital catalog or flipbook platform for enterprise use?,problem-led,False,dataforseo/google-ai-overview,2026-08-03,dcatalog.com,https://dcatalog.com/accessibility-in-dcatalog-digital-editions/,vendor,False,Flipsnack; DCatalog; FlippingBook,absent,,"Yes, several enterprise-grade digital catalog and flipbook platforms offer accessibility features aligned with ADA, Section 508, and WCAG 2.1/2.2 Level AA guidelines, including Flipsnack, DCatalog, and FlippingBook."
Is there an ADA-compliant digital catalog or flipbook platform for enterprise use?,problem-led,False,dataforseo/google-ai-overview,2026-08-03,vendors.accessibility.com,https://vendors.accessibility.com/vendor/flipsnack/,other,False,Flipsnack; DCatalog; FlippingBook,absent,,"Yes, several enterprise-grade digital catalog and flipbook platforms offer accessibility features aligned with ADA, Section 508, and WCAG 2.1/2.2 Level AA guidelines, including Flipsnack, DCatalog, and FlippingBook."
Is there an ADA-compliant digital catalog or flipbook platform for enterprise use?,problem-led,False,dataforseo/google-ai-overview,2026-08-03,flippingbook.com,https://flippingbook.com/blog/guides/turning-pdf-into-ada-compliant-flipbook,vendor,False,Flipsnack; DCatalog; FlippingBook,absent,,"Yes, several enterprise-grade digital catalog and flipbook platforms offer accessibility features aligned with ADA, Section 508, and WCAG 2.1/2.2 Level AA guidelines, including Flipsnack, DCatalog, and FlippingBook."
Is there an ADA-compliant digital catalog or flipbook platform for enterprise use?,problem-led,False,dataforseo/google-ai-overview,2026-08-03,flipsnack.com,https://www.flipsnack.com/accessibility,vendor,False,Flipsnack; DCatalog; FlippingBook,absent,,"Yes, several enterprise-grade digital catalog and flipbook platforms offer accessibility features aligned with ADA, Section 508, and WCAG 2.1/2.2 Level AA guidelines, including Flipsnack, DCatalog, and FlippingBook."
Is there an ADA-compliant digital catalog or flipbook platform for enterprise use?,problem-led,False,dataforseo/google-ai-overview,2026-08-03,reddit.com,https://www.reddit.com/r/accessibility/comments/1icaif6/are_there_any_flipbook_vendors_that_are_fully/,forum,False,Flipsnack; DCatalog; FlippingBook,absent,,"Yes, several enterprise-grade digital catalog and flipbook platforms offer accessibility features aligned with ADA, Section 508, and WCAG 2.1/2.2 Level AA guidelines, including Flipsnack, DCatalog, and FlippingBook."
Is there an ADA-compliant digital catalog or flipbook platform for enterprise use?,problem-led,False,dataforseo/google-ai-overview,2026-08-03,dcatalog.com,https://dcatalog.com/ada-friendly-flipbooks/,vendor,False,Flipsnack; DCatalog; FlippingBook,absent,,"Enterprise digital catalog and flipbook platforms like Flipsnack and DCatalog offer accessibility features, but no platform is 100% compliant ""out of the box"" solely from a converted PDF."
Is there an ADA-compliant digital catalog or flipbook platform for enterprise use?,problem-led,False,dataforseo/google-ai-overview,2026-08-03,reddit.com,https://www.reddit.com/r/accessibility/comments/1icaif6/are_there_any_flipbook_vendors_that_are_fully/,forum,False,Flipsnack; DCatalog; FlippingBook,absent,,"Enterprise digital catalog and flipbook platforms like Flipsnack and DCatalog offer accessibility features, but no platform is 100% compliant ""out of the box"" solely from a converted PDF."
Is there an ADA-compliant digital catalog or flipbook platform for enterprise use?,problem-led,False,dataforseo/google-ai-overview,2026-08-03,flippingbook.com,https://flippingbook.com/blog/guides/turning-pdf-into-ada-compliant-flipbook,vendor,False,Flipsnack; DCatalog; FlippingBook,absent,,"Enterprise digital catalog and flipbook platforms like Flipsnack and DCatalog offer accessibility features, but no platform is 100% compliant ""out of the box"" solely from a converted PDF."
Is there an ADA-compliant digital catalog or flipbook platform for enterprise use?,problem-led,False,dataforseo/google-ai-overview,2026-08-03,flipsnack.com,https://www.flipsnack.com/features/accessibility,vendor,False,Flipsnack; DCatalog; FlippingBook,absent,,"Enterprise digital catalog and flipbook platforms like Flipsnack and DCatalog offer accessibility features, but no platform is 100% compliant ""out of the box"" solely from a converted PDF."
Is there an ADA-compliant digital catalog or flipbook platform for enterprise use?,problem-led,False,dataforseo/google-ai-overview,2026-08-03,vendors.accessibility.com,https://vendors.accessibility.com/vendor/flipsnack/,other,False,Flipsnack; DCatalog; FlippingBook,absent,,"Enterprise digital catalog and flipbook platforms like Flipsnack and DCatalog offer accessibility features, but no platform is 100% compliant ""out of the box"" solely from a converted PDF."
Is there an ADA-compliant digital catalog or flipbook platform for enterprise use?,problem-led,False,dataforseo/google-ai-overview,2026-08-03,3dissue.com,https://www.3dissue.com/wcag-in-practice-how-editors-can-publish-accessible-flipbooks-and-responsive-mags/,vendor,False,Flipsnack; DCatalog; FlippingBook,absent,,"Enterprise digital catalog and flipbook platforms like Flipsnack and DCatalog offer accessibility features, but no platform is 100% compliant ""out of the box"" solely from a converted PDF."
Is there an ADA-compliant digital catalog or flipbook platform for enterprise use?,problem-led,False,dataforseo/google-ai-overview,2026-08-03,equalweb.com,https://www.equalweb.com/11793/11527/blog,publication,False,Flipsnack; DCatalog; FlippingBook,absent,,"Enterprise digital catalog and flipbook platforms like Flipsnack and DCatalog offer accessibility features, but no platform is 100% compliant ""out of the box"" solely from a converted PDF."
What digital catalog software works best on mobile for retail flyers?,problem-led,False,dataforseo/google-ai-overview,2026-08-03,catalogy.com,https://www.catalogy.com/blog/digital-catalog-tools-to-scale-your-sales-channels,listicle,True,FlipHTML5; Flipsnack,positive,1,"Publitas: Best for mobile discovery, offering a vertical scrolling ""mini-site"" view that stacks products cleanly for phones instead of forcing users to pinch-and-zoom traditional page flips."
What digital catalog software works best on mobile for retail flyers?,problem-led,False,dataforseo/google-ai-overview,2026-08-03,publitas.com,https://www.publitas.com/blog/examples-of-flyers-with-improved-design/,vendor,True,FlipHTML5; Flipsnack,positive,1,"Publitas: Best for mobile discovery, offering a vertical scrolling ""mini-site"" view that stacks products cleanly for phones instead of forcing users to pinch-and-zoom traditional page flips."
What digital catalog software works best on mobile for retail flyers?,problem-led,False,dataforseo/google-ai-overview,2026-08-03,youtube.com,https://www.youtube.com/watch?v=D2KdFy6Ulok,vendor,True,FlipHTML5; Flipsnack,positive,1,"Publitas: Best for mobile discovery, offering a vertical scrolling ""mini-site"" view that stacks products cleanly for phones instead of forcing users to pinch-and-zoom traditional page flips."
What digital catalog software works best on mobile for retail flyers?,problem-led,False,dataforseo/google-ai-overview,2026-08-03,pageturnpro.com,https://www.pageturnpro.com/catalogs.aspx,vendor,True,FlipHTML5; Flipsnack,positive,1,"Publitas: Best for mobile discovery, offering a vertical scrolling ""mini-site"" view that stacks products cleanly for phones instead of forcing users to pinch-and-zoom traditional page flips."
What digital catalog software works best on mobile for retail flyers?,problem-led,False,dataforseo/google-ai-overview,2026-08-03,zipflipbook.com,https://zipflipbook.com/blog/catalog-creation-software-for-supermarkets,vendor,True,FlipHTML5; Flipsnack,positive,1,"Publitas: Best for mobile discovery, offering a vertical scrolling ""mini-site"" view that stacks products cleanly for phones instead of forcing users to pinch-and-zoom traditional page flips."
What digital catalog software works best on mobile for retail flyers?,problem-led,False,dataforseo/google-ai-overview,2026-08-03,fliphtml5.com,https://fliphtml5.com/blog/top-5-mobile-catalog-software-for-advertising-product-catalog-in-ipad-iphone-and-mobile/,listicle,True,FlipHTML5; Flipsnack,positive,1,"Publitas: Best for mobile discovery, offering a vertical scrolling ""mini-site"" view that stacks products cleanly for phones instead of forcing users to pinch-and-zoom traditional page flips."
What digital catalog software works best on mobile for retail flyers?,problem-led,False,dataforseo/google-ai-overview,2026-08-03,flippingbook.com,https://flippingbook.com/es/blog/marketing-tips/top-catalog-maker-software,listicle,True,FlipHTML5; Flipsnack,positive,1,"Publitas: Best for mobile discovery, offering a vertical scrolling ""mini-site"" view that stacks products cleanly for phones instead of forcing users to pinch-and-zoom traditional page flips."
What digital catalog software works best on mobile for retail flyers?,problem-led,False,dataforseo/google-ai-overview,2026-08-03,saleslayer.com,https://www.saleslayer.com/partner/publitas,marketplace,True,FlipHTML5; Flipsnack,positive,1,"Publitas: Best for mobile discovery, offering a vertical scrolling ""mini-site"" view that stacks products cleanly for phones instead of forcing users to pinch-and-zoom traditional page flips."
What digital catalog software works best on mobile for retail flyers?,problem-led,False,dataforseo/google-ai-overview,2026-08-03,elementor.com,https://elementor.com/blog/mobile-ecommerce-guide/,publication,True,FlipHTML5; Flipsnack,positive,1,"Publitas: Best for mobile discovery, offering a vertical scrolling ""mini-site"" view that stacks products cleanly for phones instead of forcing users to pinch-and-zoom traditional page flips."
What digital catalog software works best on mobile for retail flyers?,problem-led,False,dataforseo/google-ai-overview,2026-08-03,unbounce.com,https://unbounce.com/landing-page-examples/app-landing-pages/,vendor,True,FlipHTML5; Flipsnack,positive,1,"Publitas: Best for mobile discovery, offering a vertical scrolling ""mini-site"" view that stacks products cleanly for phones instead of forcing users to pinch-and-zoom traditional page flips."
What digital catalog software works best on mobile for retail flyers?,problem-led,False,dataforseo/google-ai-overview,2026-08-03,youtube.com,https://www.youtube.com/watch?v=D2KdFy6Ulok,vendor,True,Flipsnack; FlipHTML5,positive,1,"For retail flyers on mobile, Publitas, Flipsnack, and FlipHTML5 work best by converting static pages into fast, responsive mobile experiences. Publitas: Best for mobile discovery with automated vertical scrolling ""mini-sites"" instead of pinching and zooming tiny PDFs."
What digital catalog software works best on mobile for retail flyers?,problem-led,False,dataforseo/google-ai-overview,2026-08-03,comosoft.us,https://www.comosoft.us/lago/production/digital-publishing-software/,vendor,True,Flipsnack; FlipHTML5,positive,1,"For retail flyers on mobile, Publitas, Flipsnack, and FlipHTML5 work best by converting static pages into fast, responsive mobile experiences. Publitas: Best for mobile discovery with automated vertical scrolling ""mini-sites"" instead of pinching and zooming tiny PDFs."
What digital catalog software works best on mobile for retail flyers?,problem-led,False,dataforseo/google-ai-overview,2026-08-03,publitas.com,https://www.publitas.com/blog/examples-of-flyers-with-improved-design/,vendor,True,Flipsnack; FlipHTML5,positive,1,"For retail flyers on mobile, Publitas, Flipsnack, and FlipHTML5 work best by converting static pages into fast, responsive mobile experiences. Publitas: Best for mobile discovery with automated vertical scrolling ""mini-sites"" instead of pinching and zooming tiny PDFs."
What digital catalog software works best on mobile for retail flyers?,problem-led,False,dataforseo/google-ai-overview,2026-08-03,catalogy.com,https://www.catalogy.com/blog/digital-catalog-tools-to-scale-your-sales-channels,listicle,True,Flipsnack; FlipHTML5,positive,1,"For retail flyers on mobile, Publitas, Flipsnack, and FlipHTML5 work best by converting static pages into fast, responsive mobile experiences. Publitas: Best for mobile discovery with automated vertical scrolling ""mini-sites"" instead of pinching and zooming tiny PDFs."
What digital catalog software works best on mobile for retail flyers?,problem-led,False,dataforseo/google-ai-overview,2026-08-03,fliphtml5.com,https://fliphtml5.com/blog/top-5-mobile-catalog-software-for-advertising-product-catalog-in-ipad-iphone-and-mobile/,listicle,True,Flipsnack; FlipHTML5,positive,1,"For retail flyers on mobile, Publitas, Flipsnack, and FlipHTML5 work best by converting static pages into fast, responsive mobile experiences. Publitas: Best for mobile discovery with automated vertical scrolling ""mini-sites"" instead of pinching and zooming tiny PDFs."
What digital catalog software works best on mobile for retail flyers?,problem-led,False,dataforseo/google-ai-overview,2026-08-03,flippingbook.com,https://flippingbook.com/es/blog/marketing-tips/top-catalog-maker-software,listicle,True,Flipsnack; FlipHTML5,positive,1,"For retail flyers on mobile, Publitas, Flipsnack, and FlipHTML5 work best by converting static pages into fast, responsive mobile experiences. Publitas: Best for mobile discovery with automated vertical scrolling ""mini-sites"" instead of pinching and zooming tiny PDFs."
What digital catalog software works best on mobile for retail flyers?,problem-led,False,dataforseo/google-ai-overview,2026-08-03,catalogy.com,https://www.catalogy.com/blog/digital-catalog-tools-to-scale-your-sales-channels,listicle,True,iPaper; FlipHTML5,positive,1,"Publitas : Best for mobile discovery, offering an intuitive vertical scroll layout (instead of forcing users to pinch-and-zoom tiny pages) and direct integration with product feeds to make items instantly shoppable."
What digital catalog software works best on mobile for retail flyers?,problem-led,False,dataforseo/google-ai-overview,2026-08-03,zipflipbook.com,https://zipflipbook.com/blog/catalog-creation-software-for-supermarkets,vendor,True,iPaper; FlipHTML5,positive,1,"Publitas : Best for mobile discovery, offering an intuitive vertical scroll layout (instead of forcing users to pinch-and-zoom tiny pages) and direct integration with product feeds to make items instantly shoppable."
What digital catalog software works best on mobile for retail flyers?,problem-led,False,dataforseo/google-ai-overview,2026-08-03,comosoft.us,https://www.comosoft.us/lago/production/digital-publishing-software/,vendor,True,iPaper; FlipHTML5,positive,1,"Publitas : Best for mobile discovery, offering an intuitive vertical scroll layout (instead of forcing users to pinch-and-zoom tiny pages) and direct integration with product feeds to make items instantly shoppable."
What digital catalog software works best on mobile for retail flyers?,problem-led,False,dataforseo/google-ai-overview,2026-08-03,publitas.com,https://www.publitas.com/blog/examples-of-flyers-with-improved-design/,vendor,True,iPaper; FlipHTML5,positive,1,"Publitas : Best for mobile discovery, offering an intuitive vertical scroll layout (instead of forcing users to pinch-and-zoom tiny pages) and direct integration with product feeds to make items instantly shoppable."
What digital catalog software works best on mobile for retail flyers?,problem-led,False,dataforseo/google-ai-overview,2026-08-03,youtube.com,https://www.youtube.com/watch?v=tnjNr7HPuAs,other,True,iPaper; FlipHTML5,positive,1,"Publitas : Best for mobile discovery, offering an intuitive vertical scroll layout (instead of forcing users to pinch-and-zoom tiny pages) and direct integration with product feeds to make items instantly shoppable."
What digital catalog software works best on mobile for retail flyers?,problem-led,False,dataforseo/google-ai-overview,2026-08-03,fliphtml5.com,https://fliphtml5.com/blog/top-5-mobile-catalog-software-for-advertising-product-catalog-in-ipad-iphone-and-mobile/,listicle,True,iPaper; FlipHTML5,positive,1,"Publitas : Best for mobile discovery, offering an intuitive vertical scroll layout (instead of forcing users to pinch-and-zoom tiny pages) and direct integration with product feeds to make items instantly shoppable."
What digital catalog software works best on mobile for retail flyers?,problem-led,False,dataforseo/google-ai-overview,2026-08-03,syndeca.com,https://www.syndeca.com/solutions/circulars,vendor,True,iPaper; FlipHTML5,positive,1,"Publitas : Best for mobile discovery, offering an intuitive vertical scroll layout (instead of forcing users to pinch-and-zoom tiny pages) and direct integration with product feeds to make items instantly shoppable."
What digital catalog software works best on mobile for retail flyers?,problem-led,False,dataforseo/google-ai-overview,2026-08-03,flippingbook.com,https://flippingbook.com/es/blog/marketing-tips/top-catalog-maker-software,listicle,True,iPaper; FlipHTML5,positive,1,"Publitas : Best for mobile discovery, offering an intuitive vertical scroll layout (instead of forcing users to pinch-and-zoom tiny pages) and direct integration with product feeds to make items instantly shoppable."
What digital catalog software works best on mobile for retail flyers?,problem-led,False,dataforseo/google-ai-overview,2026-08-03,emagazines.com,https://emagazines.com/blog/digital-magazine-maker/,listicle,True,iPaper; FlipHTML5,positive,1,"Publitas : Best for mobile discovery, offering an intuitive vertical scroll layout (instead of forcing users to pinch-and-zoom tiny pages) and direct integration with product feeds to make items instantly shoppable."
What digital catalog software works best on mobile for retail flyers?,problem-led,False,dataforseo/google-ai-overview,2026-08-03,zanfia.com,https://zanfia.com/blog/sales-funnels-templates/,vendor,True,iPaper; FlipHTML5,positive,1,"Publitas : Best for mobile discovery, offering an intuitive vertical scroll layout (instead of forcing users to pinch-and-zoom tiny pages) and direct integration with product feeds to make items instantly shoppable."
What digital catalog software works best on mobile for retail flyers?,problem-led,False,dataforseo/google-ai-overview,2026-08-03,blog.flipsnack.com,https://blog.flipsnack.com/wholesale-catalogs-in-the-digital-age-everything-you-need-to-know/,vendor,True,iPaper; FlipHTML5,positive,1,"Publitas : Best for mobile discovery, offering an intuitive vertical scroll layout (instead of forcing users to pinch-and-zoom tiny pages) and direct integration with product feeds to make items instantly shoppable."
Which flipbook platform lets me replace a PDF without having to re-tag all my product links?,problem-led,False,dataforseo/google-ai-overview,2026-08-03,fliplink.me,https://fliplink.me/blog/replace-pdf-keep-same-link,vendor,False,Flipsnack; Paperturn; FlippingBook; Publuu; Issuu,absent,,"Several major flipbook platforms let you replace an outdated PDF while keeping your original URL and preserving your interactive product links or hotspots. Top choices include Flipsnack, Paperturn, FlippingBook, and Publuu."
Which flipbook platform lets me replace a PDF without having to re-tag all my product links?,problem-led,False,dataforseo/google-ai-overview,2026-08-03,youtube.com,https://www.youtube.com/watch?v=rlSUCyMiekg,other,False,Flipsnack; Paperturn; FlippingBook; Publuu; Issuu,absent,,"Several major flipbook platforms let you replace an outdated PDF while keeping your original URL and preserving your interactive product links or hotspots. Top choices include Flipsnack, Paperturn, FlippingBook, and Publuu."
Which flipbook platform lets me replace a PDF without having to re-tag all my product links?,problem-led,False,dataforseo/google-ai-overview,2026-08-03,help.issuu.com,https://help.issuu.com/hc/en-us/articles/5772756533787-Re-Upload-Your-Content,vendor,False,Flipsnack; Paperturn; FlippingBook; Publuu; Issuu,absent,,"Several major flipbook platforms let you replace an outdated PDF while keeping your original URL and preserving your interactive product links or hotspots. Top choices include Flipsnack, Paperturn, FlippingBook, and Publuu."
Which flipbook platform lets me replace a PDF without having to re-tag all my product links?,problem-led,False,dataforseo/google-ai-overview,2026-08-03,paperturn.com,https://www.paperturn.com/features/content-management-and-versioning,vendor,False,Flipsnack; Paperturn; FlippingBook; Publuu; Issuu,absent,,"Several major flipbook platforms let you replace an outdated PDF while keeping your original URL and preserving your interactive product links or hotspots. Top choices include Flipsnack, Paperturn, FlippingBook, and Publuu."
Which flipbook platform lets me replace a PDF without having to re-tag all my product links?,problem-led,False,dataforseo/google-ai-overview,2026-08-03,help.flipsnack.com,https://help.flipsnack.com/en/articles/2364948-how-to-add-videos-and-interactions,vendor,False,Flipsnack; Paperturn; FlippingBook; Publuu; Issuu,absent,,"Several major flipbook platforms let you replace an outdated PDF while keeping your original URL and preserving your interactive product links or hotspots. Top choices include Flipsnack, Paperturn, FlippingBook, and Publuu."
Which flipbook platform lets me replace a PDF without having to re-tag all my product links?,problem-led,False,dataforseo/google-ai-overview,2026-08-03,flippingbook.com,https://flippingbook.com/help/online/changing-your-publication/replacing-pdf-in-publication,vendor,False,Flipsnack; Paperturn; FlippingBook; Publuu; Issuu,absent,,"Several major flipbook platforms let you replace an outdated PDF while keeping your original URL and preserving your interactive product links or hotspots. Top choices include Flipsnack, Paperturn, FlippingBook, and Publuu."
Which flipbook platform lets me replace a PDF without having to re-tag all my product links?,problem-led,False,dataforseo/google-ai-overview,2026-08-03,publuu.com,https://publuu.com/help/how-to-replace-my-flipbook-without-changing-its-link/,vendor,False,Flipsnack; Paperturn; FlippingBook; Publuu; Issuu,absent,,"Several major flipbook platforms let you replace an outdated PDF while keeping your original URL and preserving your interactive product links or hotspots. Top choices include Flipsnack, Paperturn, FlippingBook, and Publuu."
Which flipbook platform lets me replace a PDF without having to re-tag all my product links?,problem-led,False,dataforseo/google-ai-overview,2026-08-03,blog.flipsnack.com,https://blog.flipsnack.com/create-a-flipbook-from-a-pdf/,vendor,False,Flipsnack; Paperturn; FlippingBook; Publuu; Issuu,absent,,"Several major flipbook platforms let you replace an outdated PDF while keeping your original URL and preserving your interactive product links or hotspots. Top choices include Flipsnack, Paperturn, FlippingBook, and Publuu."
Which flipbook platform lets me replace a PDF without having to re-tag all my product links?,problem-led,False,dataforseo/google-ai-overview,2026-08-03,youtube.com,https://www.youtube.com/watch?v=rlSUCyMiekg,other,False,Flipsnack; FlippingBook,absent,,"Yes, Flipsnack and FlippingBook Online let you replace an old PDF while keeping your original share link and saved interactive tags/interactions intact."
Which flipbook platform lets me replace a PDF without having to re-tag all my product links?,problem-led,False,dataforseo/google-ai-overview,2026-08-03,flippingbook.com,https://flippingbook.com/help/online/changing-your-publication/replacing-pdf-in-publication,vendor,False,Flipsnack; FlippingBook,absent,,"Yes, Flipsnack and FlippingBook Online let you replace an old PDF while keeping your original share link and saved interactive tags/interactions intact."
Which flipbook platform lets me replace a PDF without having to re-tag all my product links?,problem-led,False,dataforseo/google-ai-overview,2026-08-03,help.flipsnack.com,https://help.flipsnack.com/en/replace-pdf-and-keep-interactions,vendor,False,Flipsnack; FlippingBook,absent,,"Yes, Flipsnack and FlippingBook Online let you replace an old PDF while keeping your original share link and saved interactive tags/interactions intact."
Which flipbook platform lets me replace a PDF without having to re-tag all my product links?,problem-led,False,dataforseo/google-ai-overview,2026-08-03,youtube.com,https://www.youtube.com/watch?v=rlSUCyMiekg,other,False,Flipsnack; Paperturn; FlipHTML5,absent,,"Several popular platforms let you replace a PDF while keeping your existing links and URL: Flipsnack, Paperturn, and FlipHTML5."
Which flipbook platform lets me replace a PDF without having to re-tag all my product links?,problem-led,False,dataforseo/google-ai-overview,2026-08-03,paperturn.com,https://www.paperturn.com/flipbook-help-center/update-your-flipbook-using-the-replace-feature,vendor,False,Flipsnack; Paperturn; FlipHTML5,absent,,"Several popular platforms let you replace a PDF while keeping your existing links and URL: Flipsnack, Paperturn, and FlipHTML5."
Which flipbook platform lets me replace a PDF without having to re-tag all my product links?,problem-led,False,dataforseo/google-ai-overview,2026-08-03,help.fliphtml5.com,https://help.fliphtml5.com/docs/re-upload/,vendor,False,Flipsnack; Paperturn; FlipHTML5,absent,,"Several popular platforms let you replace a PDF while keeping your existing links and URL: Flipsnack, Paperturn, and FlipHTML5."
Which flipbook platform lets me replace a PDF without having to re-tag all my product links?,problem-led,False,dataforseo/google-ai-overview,2026-08-03,help.flipsnack.com,https://help.flipsnack.com/en/replace-pdf-and-keep-interactions,vendor,False,Flipsnack; Paperturn; FlipHTML5,absent,,"Several popular platforms let you replace a PDF while keeping your existing links and URL: Flipsnack, Paperturn, and FlipHTML5."
Which flipbook platform lets me replace a PDF without having to re-tag all my product links?,problem-led,False,dataforseo/google-ai-overview,2026-08-03,pubhtml5.com,https://pubhtml5.com/help/how-to-update-a-flipbook-without-changing-the-book-url.php,vendor,False,Flipsnack; Paperturn; FlipHTML5,absent,,"Several popular platforms let you replace a PDF while keeping your existing links and URL: Flipsnack, Paperturn, and FlipHTML5."
Which flipbook platform lets me replace a PDF without having to re-tag all my product links?,problem-led,False,dataforseo/google-ai-overview,2026-08-03,capterra.com,https://www.capterra.com/p/202523/Paperturn/,review-site,False,Flipsnack; Paperturn; FlipHTML5,absent,,"Several popular platforms let you replace a PDF while keeping your existing links and URL: Flipsnack, Paperturn, and FlipHTML5."
Which flipbook platform lets me replace a PDF without having to re-tag all my product links?,problem-led,False,dataforseo/google-ai-overview,2026-08-03,flippingbook.com,https://flippingbook.com/help/online/changing-your-publication/replacing-pdf-in-publication,vendor,False,Flipsnack; Paperturn; FlipHTML5,absent,,"Several popular platforms let you replace a PDF while keeping your existing links and URL: Flipsnack, Paperturn, and FlipHTML5."
What's a good Issuu alternative without page limits or features locked behind expensive tiers?,alternatives,False,dataforseo/google-ai-overview,2026-08-03,fliplink.me,https://fliplink.me/blog/issuu-alternatives,comparison,False,Yumpu Publishing; FlipHTML5; Heyzine,absent,,"Good options without restrictive free tiers or expensive feature walls include Yumpu Publishing and FlipHTML5, which offer generous publication capabilities and accessible tools."
What's a good Issuu alternative without page limits or features locked behind expensive tiers?,alternatives,False,dataforseo/google-ai-overview,2026-08-03,zenflip.io,https://zenflip.io/en/flipbook-pricing-comparison,comparison,False,Yumpu Publishing; FlipHTML5; Heyzine,absent,,"Good options without restrictive free tiers or expensive feature walls include Yumpu Publishing and FlipHTML5, which offer generous publication capabilities and accessible tools."
What's a good Issuu alternative without page limits or features locked behind expensive tiers?,alternatives,False,dataforseo/google-ai-overview,2026-08-03,reddit.com,https://www.reddit.com/r/zines/comments/16lwyhb/alternatives_to_issuu/,forum,False,Yumpu Publishing; FlipHTML5; Heyzine,absent,,"Good options without restrictive free tiers or expensive feature walls include Yumpu Publishing and FlipHTML5, which offer generous publication capabilities and accessible tools."
What's a good Issuu alternative without page limits or features locked behind expensive tiers?,alternatives,False,dataforseo/google-ai-overview,2026-08-03,blog.flipbooksai.com,https://blog.flipbooksai.com/top-8-alternatives-to-issuu-that-are-free-or-cheaper,comparison,False,Yumpu Publishing; FlipHTML5; Heyzine,absent,,"Good options without restrictive free tiers or expensive feature walls include Yumpu Publishing and FlipHTML5, which offer generous publication capabilities and accessible tools."
What's a good Issuu alternative without page limits or features locked behind expensive tiers?,alternatives,False,dataforseo/google-ai-overview,2026-08-03,publitas.com,https://www.publitas.com/blog/issuu-vs-yumpu-review/,comparison,False,Yumpu Publishing; FlipHTML5; Heyzine,absent,,"Good options without restrictive free tiers or expensive feature walls include Yumpu Publishing and FlipHTML5, which offer generous publication capabilities and accessible tools."
What's a good Issuu alternative without page limits or features locked behind expensive tiers?,alternatives,False,dataforseo/google-ai-overview,2026-08-03,nubuntu.org,https://nubuntu.org/basics/alternatives-issuu/,comparison,False,Yumpu Publishing; FlipHTML5; Heyzine,absent,,"Good options without restrictive free tiers or expensive feature walls include Yumpu Publishing and FlipHTML5, which offer generous publication capabilities and accessible tools."
What's a good Issuu alternative without page limits or features locked behind expensive tiers?,alternatives,False,dataforseo/google-ai-overview,2026-08-03,blog.flipbooksai.com,https://blog.flipbooksai.com/top-8-alternatives-to-issuu-that-are-free-or-cheaper,comparison,False,Issuu; Heyzine; Flipbooks AI; Paperturn,absent,,"Good alternatives to Issuu without restrictive page or document tier traps include Heyzine, Flipbooks AI, and Paperturn."
What's a good Issuu alternative without page limits or features locked behind expensive tiers?,alternatives,False,dataforseo/google-ai-overview,2026-08-03,fliplink.me,https://fliplink.me/blog/issuu-alternatives,comparison,False,Issuu; Heyzine; Flipbooks AI; Paperturn,absent,,"Good alternatives to Issuu without restrictive page or document tier traps include Heyzine, Flipbooks AI, and Paperturn."
What's a good Issuu alternative without page limits or features locked behind expensive tiers?,alternatives,False,dataforseo/google-ai-overview,2026-08-03,paperturn.com,https://www.paperturn.com/paperturn-issuu-alternative,comparison,False,Issuu; Heyzine; Flipbooks AI; Paperturn,absent,,"Good alternatives to Issuu without restrictive page or document tier traps include Heyzine, Flipbooks AI, and Paperturn."
What's a good Issuu alternative without page limits or features locked behind expensive tiers?,alternatives,False,dataforseo/google-ai-overview,2026-08-03,fliphtml5.com,https://fliphtml5.com/blog/heyzine-vs-issuu-which-flipbook-maker-is-better-for-you/,comparison,False,Issuu; Heyzine; Flipbooks AI; Paperturn,absent,,"Good alternatives to Issuu without restrictive page or document tier traps include Heyzine, Flipbooks AI, and Paperturn."
What's a good Issuu alternative without page limits or features locked behind expensive tiers?,alternatives,False,dataforseo/google-ai-overview,2026-08-03,fliplink.me,https://fliplink.me/blog/issuu-alternatives,comparison,False,Issuu; YUMPU Publishing; Heyzine; FlipHTML5,absent,,"Good alternatives to Issuu without strict page clamps or aggressive paywalls include YUMPU Publishing, Heyzine, and FlipHTML5. These platforms offer friendlier free tiers or low-cost plans that avoid locking essential features away."
What's a good Issuu alternative without page limits or features locked behind expensive tiers?,alternatives,False,dataforseo/google-ai-overview,2026-08-03,blog.flipbooksai.com,https://blog.flipbooksai.com/top-8-alternatives-to-issuu-that-are-free-or-cheaper,comparison,False,Issuu; YUMPU Publishing; Heyzine; FlipHTML5,absent,,"Good alternatives to Issuu without strict page clamps or aggressive paywalls include YUMPU Publishing, Heyzine, and FlipHTML5. These platforms offer friendlier free tiers or low-cost plans that avoid locking essential features away."
What's a good Issuu alternative without page limits or features locked behind expensive tiers?,alternatives,False,dataforseo/google-ai-overview,2026-08-03,nubuntu.org,https://nubuntu.org/basics/alternatives-issuu/,comparison,False,Issuu; YUMPU Publishing; Heyzine; FlipHTML5,absent,,"Good alternatives to Issuu without strict page clamps or aggressive paywalls include YUMPU Publishing, Heyzine, and FlipHTML5. These platforms offer friendlier free tiers or low-cost plans that avoid locking essential features away."
What's a good Issuu alternative without page limits or features locked behind expensive tiers?,alternatives,False,dataforseo/google-ai-overview,2026-08-03,reddit.com,https://www.reddit.com/r/magazinepublishing/comments/16uqbvt/issuu_vs_flipsnack_vs_heyzine_vs_flippingbook_vs/,forum,False,Issuu; YUMPU Publishing; Heyzine; FlipHTML5,absent,,"Good alternatives to Issuu without strict page clamps or aggressive paywalls include YUMPU Publishing, Heyzine, and FlipHTML5. These platforms offer friendlier free tiers or low-cost plans that avoid locking essential features away."
What are the best alternatives to iPaper for digital catalogs?,alternatives,False,dataforseo/google-ai-overview,2026-08-03,publitas.com,https://www.publitas.com/blog/best-ipaper-alternatives-for-retailers-and-ecommerce-brands/,comparison,True,iPaper; Flipsnack; Publuu,positive,1,"Publitas: Best for enterprise retail and ecommerce brands needing deep product discovery tools, performance analytics, and automated catalog-to-commerce workflows."
What are the best alternatives to iPaper for digital catalogs?,alternatives,False,dataforseo/google-ai-overview,2026-08-03,ipaper.io,https://www.ipaper.io/,vendor,True,iPaper; Flipsnack; Publuu,positive,1,"Publitas: Best for enterprise retail and ecommerce brands needing deep product discovery tools, performance analytics, and automated catalog-to-commerce workflows."
What are the best alternatives to iPaper for digital catalogs?,alternatives,False,dataforseo/google-ai-overview,2026-08-03,publitas.com,https://www.publitas.com/blog/best-ipaper-alternatives-for-retailers-and-ecommerce-brands/,comparison,True,iPaper; Flipsnack; Publuu,positive,1,"Publitas: Best for enterprise-level retail and deep e-commerce integrations, offering direct data syncing with tools like Shopify and automated product feeds."
What are the best alternatives to iPaper for digital catalogs?,alternatives,False,dataforseo/google-ai-overview,2026-08-03,g2.com,https://www.g2.com/products/ipaper/reviews,review-site,True,iPaper; Flipsnack; Publuu,positive,1,"Publitas: Best for enterprise-level retail and deep e-commerce integrations, offering direct data syncing with tools like Shopify and automated product feeds."
What are the best alternatives to iPaper for digital catalogs?,alternatives,False,dataforseo/google-ai-overview,2026-08-03,ipaper.io,https://www.ipaper.io/,vendor,True,iPaper; Flipsnack; Publuu,positive,1,"Publitas: Best for enterprise-level retail and deep e-commerce integrations, offering direct data syncing with tools like Shopify and automated product feeds."
What are the best alternatives to iPaper for digital catalogs?,alternatives,False,dataforseo/google-ai-overview,2026-08-03,flipsnack.com,https://www.flipsnack.com/pagetiger-alternative,comparison,True,iPaper; Flipsnack; Publuu,positive,1,"Publitas: Best for enterprise-level retail and deep e-commerce integrations, offering direct data syncing with tools like Shopify and automated product feeds."
What are the best alternatives to iPaper for digital catalogs?,alternatives,False,dataforseo/google-ai-overview,2026-08-03,publuu.com,https://publuu.com/knowledge-base/the-best-booklet-maker-software-online/,listicle,True,iPaper; Flipsnack; Publuu,positive,1,"Publitas: Best for enterprise-level retail and deep e-commerce integrations, offering direct data syncing with tools like Shopify and automated product feeds."
What are the best alternatives to iPaper for digital catalogs?,alternatives,False,dataforseo/google-ai-overview,2026-08-03,fliplink.me,https://fliplink.me/blog/issuu-alternatives,comparison,True,iPaper; Flipsnack; Publuu,positive,1,"Publitas: Best for enterprise-level retail and deep e-commerce integrations, offering direct data syncing with tools like Shopify and automated product feeds."
What are the best alternatives to iPaper for digital catalogs?,alternatives,False,dataforseo/google-ai-overview,2026-08-03,publitas.com,https://www.publitas.com/blog/best-ipaper-alternatives-for-retailers-and-ecommerce-brands/,comparison,True,iPaper; Flipsnack; Issuu; Publuu; Paperturn,positive,1,"Publitas: Best for retail and e-commerce brands needing deep product discovery, automated product feeds, and detailed performance analytics."
Best alternatives to Issuu for a shoppable digital catalog?,alternatives,False,dataforseo/google-ai-overview,2026-08-03,flippingbook.com,https://flippingbook.com/es/blog/marketing-tips/best-issuu-alternatives-to-switch-to,comparison,True,Flipsnack; FlipHTML5,positive,1,"Publitas: Best for pure ecommerce and large retail inventories, offering lightning-fast loading, deep product integrations, and rich data tracking."
Best alternatives to Issuu for a shoppable digital catalog?,alternatives,False,dataforseo/google-ai-overview,2026-08-03,publitas.com,https://www.publitas.com/blog/best-fliphtml5-alternatives-for-digital-catalogs/,comparison,True,Flipsnack; FlipHTML5,positive,1,"Publitas: Best for pure ecommerce and large retail inventories, offering lightning-fast loading, deep product integrations, and rich data tracking."
Best alternatives to Issuu for a shoppable digital catalog?,alternatives,False,dataforseo/google-ai-overview,2026-08-03,fliphtml5.com,https://fliphtml5.com/blog/what-are-the-best-alternative-to-issuu-for-creating-online-magazine/,comparison,True,Flipsnack; FlipHTML5,positive,1,"Publitas: Best for pure ecommerce and large retail inventories, offering lightning-fast loading, deep product integrations, and rich data tracking."
Best alternatives to Issuu for a shoppable digital catalog?,alternatives,False,dataforseo/google-ai-overview,2026-08-03,blog.flipbooksai.com,https://blog.flipbooksai.com/top-8-alternatives-to-issuu-that-are-free-or-cheaper,comparison,True,Flipsnack; FlipHTML5,positive,1,"Publitas: Best for pure ecommerce and large retail inventories, offering lightning-fast loading, deep product integrations, and rich data tracking."
Best alternatives to Issuu for a shoppable digital catalog?,alternatives,False,dataforseo/google-ai-overview,2026-08-03,issuu.com,https://issuu.com/solutions/marketing/digital-catalog,vendor,True,Flipsnack; FlipHTML5,positive,1,"Publitas: Best for pure ecommerce and large retail inventories, offering lightning-fast loading, deep product integrations, and rich data tracking."
Best alternatives to Issuu for a shoppable digital catalog?,alternatives,False,dataforseo/google-ai-overview,2026-08-03,flipsnack.com,https://www.flipsnack.com/issuu-alternative,comparison,True,Flipsnack; FlipHTML5,positive,1,"Publitas: Best for pure ecommerce and large retail inventories, offering lightning-fast loading, deep product integrations, and rich data tracking."
Best alternatives to Issuu for a shoppable digital catalog?,alternatives,False,dataforseo/google-ai-overview,2026-08-03,publitas.com,https://www.publitas.com/blog/best-fliphtml5-alternatives-for-digital-catalogs/,comparison,True,Issuu; Flipsnack; FlippingBook; FlipHTML5; Publuu,positive,1,"Publitas (best for retail-focused ecommerce integration)... Built specifically for ecommerce and retail. It connects your product feeds directly to the catalog pages so users can click items to view live prices, descriptions, and checkout seamlessly."
Best alternatives to Issuu for a shoppable digital catalog?,alternatives,False,dataforseo/google-ai-overview,2026-08-03,reddit.com,https://www.reddit.com/r/publishing/comments/1mf51q2/issuu_alternatives/,forum,True,Issuu; Flipsnack; FlippingBook; FlipHTML5; Publuu,positive,1,"Publitas (best for retail-focused ecommerce integration)... Built specifically for ecommerce and retail. It connects your product feeds directly to the catalog pages so users can click items to view live prices, descriptions, and checkout seamlessly."
Best alternatives to Issuu for a shoppable digital catalog?,alternatives,False,dataforseo/google-ai-overview,2026-08-03,blog.flipbooksai.com,https://blog.flipbooksai.com/top-8-alternatives-to-issuu-that-are-free-or-cheaper,comparison,True,Issuu; Flipsnack; FlippingBook; FlipHTML5; Publuu,positive,1,"Publitas (best for retail-focused ecommerce integration)... Built specifically for ecommerce and retail. It connects your product feeds directly to the catalog pages so users can click items to view live prices, descriptions, and checkout seamlessly."
Best alternatives to Issuu for a shoppable digital catalog?,alternatives,False,dataforseo/google-ai-overview,2026-08-03,flipsnack.com,https://www.flipsnack.com/issuu-alternative,comparison,True,Issuu; Flipsnack; FlippingBook; FlipHTML5; Publuu,positive,1,"Publitas (best for retail-focused ecommerce integration)... Built specifically for ecommerce and retail. It connects your product feeds directly to the catalog pages so users can click items to view live prices, descriptions, and checkout seamlessly."
Best alternatives to Issuu for a shoppable digital catalog?,alternatives,False,dataforseo/google-ai-overview,2026-08-03,flippingbook.com,https://flippingbook.com/es/blog/marketing-tips/best-issuu-alternatives-to-switch-to,comparison,True,Issuu; Flipsnack; FlippingBook; FlipHTML5; Publuu,positive,1,"Publitas (best for retail-focused ecommerce integration)... Built specifically for ecommerce and retail. It connects your product feeds directly to the catalog pages so users can click items to view live prices, descriptions, and checkout seamlessly."
Best alternatives to Issuu for a shoppable digital catalog?,alternatives,False,dataforseo/google-ai-overview,2026-08-03,issuu.com,https://issuu.com/solutions/marketing/digital-catalog,vendor,True,Issuu; Flipsnack; FlippingBook; FlipHTML5; Publuu,positive,1,"Publitas (best for retail-focused ecommerce integration)... Built specifically for ecommerce and retail. It connects your product feeds directly to the catalog pages so users can click items to view live prices, descriptions, and checkout seamlessly."
Best alternatives to Issuu for a shoppable digital catalog?,alternatives,False,dataforseo/google-ai-overview,2026-08-03,fliphtml5.com,https://fliphtml5.com/blog/what-are-the-best-alternative-to-issuu-for-creating-online-magazine/,comparison,True,Issuu; Flipsnack; FlippingBook; FlipHTML5; Publuu,positive,1,"Publitas (best for retail-focused ecommerce integration)... Built specifically for ecommerce and retail. It connects your product feeds directly to the catalog pages so users can click items to view live prices, descriptions, and checkout seamlessly."
Best alternatives to Issuu for a shoppable digital catalog?,alternatives,False,dataforseo/google-ai-overview,2026-08-03,publitas.com,https://www.publitas.com/blog/best-fliphtml5-alternatives-for-digital-catalogs/,comparison,True,Issuu; Flipsnack; FlipHTML5; FlippingBook; Heyzine,positive,1,"Publitas: Best for e-commerce and retail brands. It offers fast loading speeds, high-converting shoppable hotspots, product tag integrations, and deep analytics tailored specifically for online shopping behavior."
Best alternatives to Issuu for a shoppable digital catalog?,alternatives,False,dataforseo/google-ai-overview,2026-08-03,fliphtml5.com,https://fliphtml5.com/blog/what-are-the-best-alternative-to-issuu-for-creating-online-magazine/,comparison,True,Issuu; Flipsnack; FlipHTML5; FlippingBook; Heyzine,positive,1,"Publitas: Best for e-commerce and retail brands. It offers fast loading speeds, high-converting shoppable hotspots, product tag integrations, and deep analytics tailored specifically for online shopping behavior."
Best alternatives to Issuu for a shoppable digital catalog?,alternatives,False,dataforseo/google-ai-overview,2026-08-03,flipsnack.com,https://www.flipsnack.com/issuu-alternative,comparison,True,Issuu; Flipsnack; FlipHTML5; FlippingBook; Heyzine,positive,1,"Publitas: Best for e-commerce and retail brands. It offers fast loading speeds, high-converting shoppable hotspots, product tag integrations, and deep analytics tailored specifically for online shopping behavior."
Best alternatives to Issuu for a shoppable digital catalog?,alternatives,False,dataforseo/google-ai-overview,2026-08-03,flippingbook.com,https://flippingbook.com/es/blog/marketing-tips/best-issuu-alternatives-to-switch-to,comparison,True,Issuu; Flipsnack; FlipHTML5; FlippingBook; Heyzine,positive,1,"Publitas: Best for e-commerce and retail brands. It offers fast loading speeds, high-converting shoppable hotspots, product tag integrations, and deep analytics tailored specifically for online shopping behavior."
Best alternatives to Issuu for a shoppable digital catalog?,alternatives,False,dataforseo/google-ai-overview,2026-08-03,issuu.com,https://issuu.com/solutions/marketing/digital-catalog,vendor,True,Issuu; Flipsnack; FlipHTML5; FlippingBook; Heyzine,positive,1,"Publitas: Best for e-commerce and retail brands. It offers fast loading speeds, high-converting shoppable hotspots, product tag integrations, and deep analytics tailored specifically for online shopping behavior."
Best alternatives to Issuu for a shoppable digital catalog?,alternatives,False,dataforseo/google-ai-overview,2026-08-03,reddit.com,https://www.reddit.com/r/publishing/comments/1mf51q2/issuu_alternatives/,forum,True,Issuu; Flipsnack; FlipHTML5; FlippingBook; Heyzine,positive,1,"Publitas: Best for e-commerce and retail brands. It offers fast loading speeds, high-converting shoppable hotspots, product tag integrations, and deep analytics tailored specifically for online shopping behavior."
Best alternatives to Issuu for a shoppable digital catalog?,alternatives,False,dataforseo/google-ai-overview,2026-08-03,youtube.com,https://www.youtube.com/watch?v=3U-nATaz8jo&t=116,other,True,Issuu; Flipsnack; FlipHTML5; FlippingBook; Heyzine,positive,1,"Publitas: Best for e-commerce and retail brands. It offers fast loading speeds, high-converting shoppable hotspots, product tag integrations, and deep analytics tailored specifically for online shopping behavior."
Best alternatives to Issuu for a shoppable digital catalog?,alternatives,False,dataforseo/google-ai-overview,2026-08-03,fliplink.me,https://fliplink.me/blog/issuu-alternatives,comparison,True,Issuu; Flipsnack; FlipHTML5; FlippingBook; Heyzine,positive,1,"Publitas: Best for e-commerce and retail brands. It offers fast loading speeds, high-converting shoppable hotspots, product tag integrations, and deep analytics tailored specifically for online shopping behavior."
What is the best flipbook software for retailers in 2026?,best-of,False,dataforseo/google-ai-overview,2026-08-03,,,,False,,absent,,
What is the best flipbook software for retailers in 2026?,best-of,False,dataforseo/google-ai-overview,2026-08-03,fliplink.me,https://fliplink.me/blog/best-flipbook-makers,listicle,False,Flipsnack; FlipHTML5; FlippingBook,absent,,"The best flipbook software for retailers is Flipsnack, FlipHTML5, and FlippingBook, which offer robust features tailored for digital lookbooks and product catalogs."
What is the best flipbook software for retailers in 2026?,best-of,False,dataforseo/google-ai-overview,2026-08-03,zenflip.io,https://zenflip.io/en/blog/best-flipbook-software-2026,listicle,False,Flipsnack; FlipHTML5; FlippingBook,absent,,"The best flipbook software for retailers is Flipsnack, FlipHTML5, and FlippingBook, which offer robust features tailored for digital lookbooks and product catalogs."
What is the best flipbook software for retailers in 2026?,best-of,False,dataforseo/google-ai-overview,2026-08-03,worldmetrics.org,https://worldmetrics.org/best/flipbook-software/,listicle,False,Flipsnack; FlipHTML5; FlippingBook,absent,,"The best flipbook software for retailers is Flipsnack, FlipHTML5, and FlippingBook, which offer robust features tailored for digital lookbooks and product catalogs."
What is the best flipbook software for retailers in 2026?,best-of,False,dataforseo/google-ai-overview,2026-08-03,youtube.com,https://www.youtube.com/watch?v=KoPhxker_Ic,other,False,Flipsnack; FlipHTML5; FlippingBook,absent,,"The best flipbook software for retailers is Flipsnack, FlipHTML5, and FlippingBook, which offer robust features tailored for digital lookbooks and product catalogs."
What is the best flipbook software for retailers in 2026?,best-of,False,dataforseo/google-ai-overview,2026-08-03,guideflow.com,https://www.guideflow.com/blog/flipbook-software,listicle,False,Flipsnack; FlipHTML5; FlippingBook,absent,,"The best flipbook software for retailers is Flipsnack, FlipHTML5, and FlippingBook, which offer robust features tailored for digital lookbooks and product catalogs."
What is the best flipbook software for retailers in 2026?,best-of,False,dataforseo/google-ai-overview,2026-08-03,medium.com,https://medium.com/@julianwest_14752/21-incredible-digital-flipbooks-software-my-personal-favorite-3165dda54ec0,listicle,False,Flipsnack; FlipHTML5; FlippingBook,absent,,"The best flipbook software for retailers is Flipsnack, FlipHTML5, and FlippingBook, which offer robust features tailored for digital lookbooks and product catalogs."
What is the best flipbook software for retailers in 2026?,best-of,False,dataforseo/google-ai-overview,2026-08-03,fliplink.me,https://fliplink.me/blog/best-flipbook-makers,listicle,False,Flipsnack; FlippingBook; FlipHTML5,absent,,"The best flipbook software choices for retailers in 2026 are Flipsnack, FlippingBook, and FlipHTML5, which stand out for turning static product catalogs into high-converting digital shopping experiences."
What is the best flipbook software for retailers in 2026?,best-of,False,dataforseo/google-ai-overview,2026-08-03,youtube.com,https://www.youtube.com/watch?v=kLcEgUilMT0&t=281,other,False,Flipsnack; FlippingBook; FlipHTML5,absent,,"The best flipbook software choices for retailers in 2026 are Flipsnack, FlippingBook, and FlipHTML5, which stand out for turning static product catalogs into high-converting digital shopping experiences."
What is the best flipbook software for retailers in 2026?,best-of,False,dataforseo/google-ai-overview,2026-08-03,flipsnack.com,https://www.flipsnack.com/,vendor,False,Flipsnack; FlippingBook; FlipHTML5,absent,,"The best flipbook software choices for retailers in 2026 are Flipsnack, FlippingBook, and FlipHTML5, which stand out for turning static product catalogs into high-converting digital shopping experiences."
What is the best flipbook software for retailers in 2026?,best-of,False,dataforseo/google-ai-overview,2026-08-03,medium.com,https://medium.com/@julianwest_14752/21-incredible-digital-flipbooks-software-my-personal-favorite-3165dda54ec0,listicle,False,Flipsnack; FlippingBook; FlipHTML5,absent,,"The best flipbook software choices for retailers in 2026 are Flipsnack, FlippingBook, and FlipHTML5, which stand out for turning static product catalogs into high-converting digital shopping experiences."
What is the best flipbook software for retailers in 2026?,best-of,False,dataforseo/google-ai-overview,2026-08-03,guideflow.com,https://www.guideflow.com/blog/flipbook-software,listicle,False,Flipsnack; FlippingBook; FlipHTML5,absent,,"The best flipbook software choices for retailers in 2026 are Flipsnack, FlippingBook, and FlipHTML5, which stand out for turning static product catalogs into high-converting digital shopping experiences."
What is the best flipbook software for retailers in 2026?,best-of,False,dataforseo/google-ai-overview,2026-08-03,softwareadvice.com.au,https://www.softwareadvice.com.au/software/246148/fliphtml5,review-site,False,Flipsnack; FlippingBook; FlipHTML5,absent,,"The best flipbook software choices for retailers in 2026 are Flipsnack, FlippingBook, and FlipHTML5, which stand out for turning static product catalogs into high-converting digital shopping experiences."
What is the best flipbook software for retailers in 2026?,best-of,False,dataforseo/google-ai-overview,2026-08-03,paperturn.com,https://www.paperturn.com/blog/digital-marketing/flipbook-software-in-2026,vendor,False,Flipsnack; FlippingBook; FlipHTML5,absent,,"The best flipbook software choices for retailers in 2026 are Flipsnack, FlippingBook, and FlipHTML5, which stand out for turning static product catalogs into high-converting digital shopping experiences."
What are the top-rated content experience platforms for retail marketing teams?,best-of,False,dataforseo/google-ai-overview,2026-08-03,commplify.ai,https://commplify.ai/best-digital-experience-platforms/,listicle,False,Adobe Experience Manager; Sitecore; Bloomreach; Contentful; Optimizely One; Storyblok,absent,,"Top-rated content and digital experience platforms for retail marketing teams include enterprise suites like Adobe Experience Manager and Sitecore, e-commerce-focused personalization tools like Bloomreach, and agile headless systems like Contentful..."
What are the top-rated content experience platforms for retail marketing teams?,best-of,False,dataforseo/google-ai-overview,2026-08-03,edvantis.com,https://www.edvantis.com/blog/the-best-digital-experience-platforms-for-your-retail-business/,listicle,False,Adobe Experience Manager; Sitecore; Bloomreach; Contentful; Optimizely One; Storyblok,absent,,"Top-rated content and digital experience platforms for retail marketing teams include enterprise suites like Adobe Experience Manager and Sitecore, e-commerce-focused personalization tools like Bloomreach, and agile headless systems like Contentful..."
What are the top-rated content experience platforms for retail marketing teams?,best-of,False,dataforseo/google-ai-overview,2026-08-03,cloudtalk.io,https://www.cloudtalk.io/blog/customer-experience-management-software/,listicle,False,Adobe Experience Manager; Sitecore; Bloomreach; Contentful; Optimizely One; Storyblok,absent,,"Top-rated content and digital experience platforms for retail marketing teams include enterprise suites like Adobe Experience Manager and Sitecore, e-commerce-focused personalization tools like Bloomreach, and agile headless systems like Contentful..."
What are the top-rated content experience platforms for retail marketing teams?,best-of,False,dataforseo/google-ai-overview,2026-08-03,guideflow.com,https://www.guideflow.com/blog/content-experience-platforms,listicle,False,Adobe Experience Manager; Sitecore; Bloomreach; Contentful; Optimizely One; Storyblok,absent,,"Top-rated content and digital experience platforms for retail marketing teams include enterprise suites like Adobe Experience Manager and Sitecore, e-commerce-focused personalization tools like Bloomreach, and agile headless systems like Contentful..."
What are the top-rated content experience platforms for retail marketing teams?,best-of,False,dataforseo/google-ai-overview,2026-08-03,technologymagazine.com,https://technologymagazine.com/top10/top-10-digital-experience-platforms,listicle,False,Adobe Experience Manager; Sitecore; Bloomreach; Contentful; Optimizely One; Storyblok,absent,,"Top-rated content and digital experience platforms for retail marketing teams include enterprise suites like Adobe Experience Manager and Sitecore, e-commerce-focused personalization tools like Bloomreach, and agile headless systems like Contentful..."
What are the top-rated content experience platforms for retail marketing teams?,best-of,False,dataforseo/google-ai-overview,2026-08-03,storyblok.com,https://www.storyblok.com/mp/visual-commerce,vendor,False,Adobe Experience Manager; Sitecore; Bloomreach; Contentful; Optimizely One; Storyblok,absent,,"Top-rated content and digital experience platforms for retail marketing teams include enterprise suites like Adobe Experience Manager and Sitecore, e-commerce-focused personalization tools like Bloomreach, and agile headless systems like Contentful..."
What are the top-rated content experience platforms for retail marketing teams?,best-of,False,dataforseo/google-ai-overview,2026-08-03,kontent.ai,https://kontent.ai/blog/best-headless-cms-complete-buyers-guide/,listicle,False,Adobe Experience Manager; Sitecore; Bloomreach; Contentful; Optimizely One; Storyblok,absent,,"Top-rated content and digital experience platforms for retail marketing teams include enterprise suites like Adobe Experience Manager and Sitecore, e-commerce-focused personalization tools like Bloomreach, and agile headless systems like Contentful..."
What are the top-rated content experience platforms for retail marketing teams?,best-of,False,dataforseo/google-ai-overview,2026-08-03,commplify.ai,https://commplify.ai/best-digital-experience-platforms/,listicle,False,Adobe Experience Manager; Sitecore; Optimizely One; Bloomreach; HubSpot CMS Hub; Contentstack,absent,,"Top-rated content experience and digital platforms for retail marketing teams include Adobe Experience Manager, Sitecore, and Bloomreach."
What are the top-rated content experience platforms for retail marketing teams?,best-of,False,dataforseo/google-ai-overview,2026-08-03,edvantis.com,https://www.edvantis.com/blog/the-best-digital-experience-platforms-for-your-retail-business/,listicle,False,Adobe Experience Manager; Sitecore; Optimizely One; Bloomreach; HubSpot CMS Hub; Contentstack,absent,,"Top-rated content experience and digital platforms for retail marketing teams include Adobe Experience Manager, Sitecore, and Bloomreach."
What are the top-rated content experience platforms for retail marketing teams?,best-of,False,dataforseo/google-ai-overview,2026-08-03,guideflow.com,https://www.guideflow.com/blog/content-experience-platforms,listicle,False,Adobe Experience Manager; Sitecore; Optimizely One; Bloomreach; HubSpot CMS Hub; Contentstack,absent,,"Top-rated content experience and digital platforms for retail marketing teams include Adobe Experience Manager, Sitecore, and Bloomreach."
What are the top-rated content experience platforms for retail marketing teams?,best-of,False,dataforseo/google-ai-overview,2026-08-03,cloudtalk.io,https://www.cloudtalk.io/blog/customer-experience-management-software/,listicle,False,Adobe Experience Manager; Sitecore; Optimizely One; Bloomreach; HubSpot CMS Hub; Contentstack,absent,,"Top-rated content experience and digital platforms for retail marketing teams include Adobe Experience Manager, Sitecore, and Bloomreach."
What are the top-rated content experience platforms for retail marketing teams?,best-of,False,dataforseo/google-ai-overview,2026-08-03,thecmo.com,https://thecmo.com/tools/best-b2b-content-marketing-software/,listicle,False,Adobe Experience Manager; Sitecore; Optimizely One; Bloomreach; HubSpot CMS Hub; Contentstack,absent,,"Top-rated content experience and digital platforms for retail marketing teams include Adobe Experience Manager, Sitecore, and Bloomreach."
What are the top-rated content experience platforms for retail marketing teams?,best-of,False,dataforseo/google-ai-overview,2026-08-03,yesoptimist.com,https://www.yesoptimist.com/retail-tech-content-marketing-agency/,other,False,Adobe Experience Manager; Sitecore; Optimizely One; Bloomreach; HubSpot CMS Hub; Contentstack,absent,,"Top-rated content experience and digital platforms for retail marketing teams include Adobe Experience Manager, Sitecore, and Bloomreach."
What are the top-rated content experience platforms for retail marketing teams?,best-of,False,dataforseo/google-ai-overview,2026-08-03,edvantis.com,https://www.edvantis.com/blog/the-best-digital-experience-platforms-for-your-retail-business/,listicle,False,Adobe Experience Manager; Sitecore Content Hub; Bloomreach; Optimizely One,absent,,"Top-rated content experience and digital platforms for retail marketing include Adobe Experience Manager, Sitecore Content Hub, and Bloomreach, which excel in omnichannel personalization and asset management."
What are the top-rated content experience platforms for retail marketing teams?,best-of,False,dataforseo/google-ai-overview,2026-08-03,commplify.ai,https://commplify.ai/best-digital-experience-platforms/,listicle,False,Adobe Experience Manager; Sitecore Content Hub; Bloomreach; Optimizely One,absent,,"Top-rated content experience and digital platforms for retail marketing include Adobe Experience Manager, Sitecore Content Hub, and Bloomreach, which excel in omnichannel personalization and asset management."
What are the top-rated content experience platforms for retail marketing teams?,best-of,False,dataforseo/google-ai-overview,2026-08-03,cloudtalk.io,https://www.cloudtalk.io/blog/customer-experience-management-software/,listicle,False,Adobe Experience Manager; Sitecore Content Hub; Bloomreach; Optimizely One,absent,,"Top-rated content experience and digital platforms for retail marketing include Adobe Experience Manager, Sitecore Content Hub, and Bloomreach, which excel in omnichannel personalization and asset management."
What are the top-rated content experience platforms for retail marketing teams?,best-of,False,dataforseo/google-ai-overview,2026-08-03,guideflow.com,https://www.guideflow.com/et-ee/blog/content-experience-platforms,listicle,False,Adobe Experience Manager; Sitecore Content Hub; Bloomreach; Optimizely One,absent,,"Top-rated content experience and digital platforms for retail marketing include Adobe Experience Manager, Sitecore Content Hub, and Bloomreach, which excel in omnichannel personalization and asset management."
What are the top-rated content experience platforms for retail marketing teams?,best-of,False,dataforseo/google-ai-overview,2026-08-03,convert.com,https://www.convert.com/blog/a-b-testing/ab-testing-tools-for-growth-teams/,listicle,False,Adobe Experience Manager; Sitecore Content Hub; Bloomreach; Optimizely One,absent,,"Top-rated content experience and digital platforms for retail marketing include Adobe Experience Manager, Sitecore Content Hub, and Bloomreach, which excel in omnichannel personalization and asset management."
Flipsnack vs Publitas: which is better for shoppable ecommerce catalogs?,comparison,True,dataforseo/google-ai-overview,2026-08-03,publitas.com,https://www.publitas.com/blog/flipsnack-vs-issuu/,comparison,True,Flipsnack,positive,1,"Publitas is better for pure ecommerce conversion and large-scale retail feeds, while Flipsnack is better for general design flexibility, multi-purpose document creation, and ease of use."
Flipsnack vs Publitas: which is better for shoppable ecommerce catalogs?,comparison,True,dataforseo/google-ai-overview,2026-08-03,flippingbook.com,https://flippingbook.com/es/blog/marketing-tips/top-catalog-maker-software,listicle,True,Flipsnack,positive,1,"Publitas is better for pure ecommerce conversion and large-scale retail feeds, while Flipsnack is better for general design flexibility, multi-purpose document creation, and ease of use."
Flipsnack vs Publitas: which is better for shoppable ecommerce catalogs?,comparison,True,dataforseo/google-ai-overview,2026-08-03,getapp.com,https://www.getapp.com/marketing-software/a/flipsnack/compare/publitas/,review-site,True,Flipsnack,positive,1,"Publitas is better for pure ecommerce conversion and large-scale retail feeds, while Flipsnack is better for general design flexibility, multi-purpose document creation, and ease of use."
Flipsnack vs Publitas: which is better for shoppable ecommerce catalogs?,comparison,True,dataforseo/google-ai-overview,2026-08-03,flipsnack.com,https://www.flipsnack.com/ecommerce-product-catalog,vendor,True,Flipsnack,positive,1,"Publitas is better for pure ecommerce conversion and large-scale retail feeds, while Flipsnack is better for general design flexibility, multi-purpose document creation, and ease of use."
Flipsnack vs Publitas: which is better for shoppable ecommerce catalogs?,comparison,True,dataforseo/google-ai-overview,2026-08-03,sourceforge.net,https://sourceforge.net/software/compare/Flipsnack-vs-Issuu-vs-Publitas/,review-site,True,Flipsnack,positive,1,"Publitas is better for pure ecommerce conversion and large-scale retail feeds, while Flipsnack is better for general design flexibility, multi-purpose document creation, and ease of use."
Flipsnack vs Publitas: which is better for shoppable ecommerce catalogs?,comparison,True,dataforseo/google-ai-overview,2026-08-03,g2.com,https://www.g2.com/compare/flipsnack-vs-publitas,review-site,True,Flipsnack,positive,1,"Publitas is better for pure ecommerce conversion and large-scale retail feeds, while Flipsnack is better for general design flexibility, multi-purpose document creation, and ease of use."
Flipsnack vs Publitas: which is better for shoppable ecommerce catalogs?,comparison,True,dataforseo/google-ai-overview,2026-08-03,publitas.com,https://www.publitas.com/blog/flipsnack-vs-issuu/,comparison,True,Flipsnack,positive,1,"Publitas is better for pure ecommerce conversion and scale, while Flipsnack is better for design flexibility and budget-friendly creation. Publitas specializes in inventory feeds and deep web store integrations, whereas Flipsnack functions as an all-around flipbook and design tool."
Flipsnack vs Publitas: which is better for shoppable ecommerce catalogs?,comparison,True,dataforseo/google-ai-overview,2026-08-03,flippingbook.com,https://flippingbook.com/es/blog/marketing-tips/top-catalog-maker-software,listicle,True,Flipsnack,positive,1,"Publitas is better for pure ecommerce conversion and scale, while Flipsnack is better for design flexibility and budget-friendly creation. Publitas specializes in inventory feeds and deep web store integrations, whereas Flipsnack functions as an all-around flipbook and design tool."
Flipsnack vs Publitas: which is better for shoppable ecommerce catalogs?,comparison,True,dataforseo/google-ai-overview,2026-08-03,capterra.com,https://www.capterra.com/compare/176854-207703/Flipsnack-vs-Publitas,review-site,True,Flipsnack,positive,1,"Publitas is better for pure ecommerce conversion and scale, while Flipsnack is better for design flexibility and budget-friendly creation. Publitas specializes in inventory feeds and deep web store integrations, whereas Flipsnack functions as an all-around flipbook and design tool."
Flipsnack vs Publitas: which is better for shoppable ecommerce catalogs?,comparison,True,dataforseo/google-ai-overview,2026-08-03,getapp.com,https://www.getapp.com/marketing-software/a/flipsnack/compare/publitas/,review-site,True,Flipsnack,positive,1,"Publitas is better for pure ecommerce conversion and scale, while Flipsnack is better for design flexibility and budget-friendly creation. Publitas specializes in inventory feeds and deep web store integrations, whereas Flipsnack functions as an all-around flipbook and design tool."
Flipsnack vs Publitas: which is better for shoppable ecommerce catalogs?,comparison,True,dataforseo/google-ai-overview,2026-08-03,sourceforge.net,https://sourceforge.net/software/compare/Flipsnack-vs-Publitas/,review-site,True,Flipsnack,positive,1,"Publitas is better for pure ecommerce conversion and scale, while Flipsnack is better for design flexibility and budget-friendly creation. Publitas specializes in inventory feeds and deep web store integrations, whereas Flipsnack functions as an all-around flipbook and design tool."
Flipsnack vs Publitas: which is better for shoppable ecommerce catalogs?,comparison,True,dataforseo/google-ai-overview,2026-08-03,g2.com,https://www.g2.com/compare/flipsnack-vs-publitas,review-site,True,Flipsnack,positive,1,"Publitas is better for pure ecommerce conversion and scale, while Flipsnack is better for design flexibility and budget-friendly creation. Publitas specializes in inventory feeds and deep web store integrations, whereas Flipsnack functions as an all-around flipbook and design tool."
Flipsnack vs Publitas: which is better for shoppable ecommerce catalogs?,comparison,True,dataforseo/google-ai-overview,2026-08-03,flipsnack.com,https://www.flipsnack.com/issuu-alternative,comparison,True,Flipsnack,positive,1,"Publitas is better for pure ecommerce conversion and scale, while Flipsnack is better for design flexibility and budget-friendly creation. Publitas specializes in inventory feeds and deep web store integrations, whereas Flipsnack functions as an all-around flipbook and design tool."
Flipsnack vs Publitas: which is better for shoppable ecommerce catalogs?,comparison,True,dataforseo/google-ai-overview,2026-08-03,slashdot.org,https://slashdot.org/software/comparison/Flipsnack-vs-Publitas/,review-site,True,Flipsnack,positive,1,"Publitas is better for pure ecommerce conversion and scale, while Flipsnack is better for design flexibility and budget-friendly creation. Publitas specializes in inventory feeds and deep web store integrations, whereas Flipsnack functions as an all-around flipbook and design tool."
Flipsnack vs Publitas: which is better for shoppable ecommerce catalogs?,comparison,True,dataforseo/google-ai-overview,2026-08-03,publitas.com,https://www.publitas.com/blog/flipsnack-vs-issuu/,comparison,True,Flipsnack,positive,1,"Publitas is generally better for pure ecommerce conversion and deep store integration, whereas Flipsnack is better for creative design flexibility and rapid, all-in-one publishing."
Flipsnack vs Publitas: which is better for shoppable ecommerce catalogs?,comparison,True,dataforseo/google-ai-overview,2026-08-03,g2.com,https://www.g2.com/compare/flipsnack-vs-publitas,review-site,True,Flipsnack,positive,1,"Publitas is generally better for pure ecommerce conversion and deep store integration, whereas Flipsnack is better for creative design flexibility and rapid, all-in-one publishing."
Flipsnack vs Publitas: which is better for shoppable ecommerce catalogs?,comparison,True,dataforseo/google-ai-overview,2026-08-03,getapp.com,https://www.getapp.com/marketing-software/a/flipsnack/compare/publitas/,review-site,True,Flipsnack,positive,1,"Publitas is generally better for pure ecommerce conversion and deep store integration, whereas Flipsnack is better for creative design flexibility and rapid, all-in-one publishing."
Flipsnack vs Publitas: which is better for shoppable ecommerce catalogs?,comparison,True,dataforseo/google-ai-overview,2026-08-03,flippingbook.com,https://flippingbook.com/es/blog/marketing-tips/top-catalog-maker-software,listicle,True,Flipsnack,positive,1,"Publitas is generally better for pure ecommerce conversion and deep store integration, whereas Flipsnack is better for creative design flexibility and rapid, all-in-one publishing."
Flipsnack vs Publitas: which is better for shoppable ecommerce catalogs?,comparison,True,dataforseo/google-ai-overview,2026-08-03,capterra.com,https://www.capterra.com/compare/176854-207703/Flipsnack-vs-Publitas,review-site,True,Flipsnack,positive,1,"Publitas is generally better for pure ecommerce conversion and deep store integration, whereas Flipsnack is better for creative design flexibility and rapid, all-in-one publishing."
iPaper vs Publitas vs Flipsnack: which digital catalog platform is best for shoppable retail content?,comparison,True,dataforseo/google-ai-overview,2026-08-03,publitas.com,https://www.publitas.com/blog/,vendor,True,iPaper; Flipsnack,positive,1,"Publitas is best for large-scale ecommerce product discovery, iPaper excels at automated retail leaflet workflows, and Flipsnack is ideal for fast, brand-controlled marketing setups."
iPaper vs Publitas vs Flipsnack: which digital catalog platform is best for shoppable retail content?,comparison,True,dataforseo/google-ai-overview,2026-08-03,ipaper.io,https://www.ipaper.io/industry/b2c/retail,vendor,True,iPaper; Flipsnack,positive,1,"Publitas is best for large-scale ecommerce product discovery, iPaper excels at automated retail leaflet workflows, and Flipsnack is ideal for fast, brand-controlled marketing setups."
iPaper vs Publitas vs Flipsnack: which digital catalog platform is best for shoppable retail content?,comparison,True,dataforseo/google-ai-overview,2026-08-03,flippingbook.com,https://flippingbook.com/es/blog/marketing-tips/top-catalog-maker-software,listicle,True,iPaper; Flipsnack,positive,1,"Publitas is best for large-scale ecommerce product discovery, iPaper excels at automated retail leaflet workflows, and Flipsnack is ideal for fast, brand-controlled marketing setups."
iPaper vs Publitas vs Flipsnack: which digital catalog platform is best for shoppable retail content?,comparison,True,dataforseo/google-ai-overview,2026-08-03,getapp.com,https://www.getapp.com/marketing-software/a/flipsnack/compare/publitas/,review-site,True,iPaper; Flipsnack,positive,1,"Publitas is best for large-scale ecommerce product discovery, iPaper excels at automated retail leaflet workflows, and Flipsnack is ideal for fast, brand-controlled marketing setups."
iPaper vs Publitas vs Flipsnack: which digital catalog platform is best for shoppable retail content?,comparison,True,dataforseo/google-ai-overview,2026-08-03,sourceforge.net,https://sourceforge.net/software/compare/Publitas-vs-iPaper/,review-site,True,iPaper; Flipsnack,positive,1,"Publitas is best for large-scale ecommerce product discovery, iPaper excels at automated retail leaflet workflows, and Flipsnack is ideal for fast, brand-controlled marketing setups."
iPaper vs Publitas vs Flipsnack: which digital catalog platform is best for shoppable retail content?,comparison,True,dataforseo/google-ai-overview,2026-08-03,capterra.co.za,https://www.capterra.co.za/software/207703/publitas,review-site,True,iPaper; Flipsnack,positive,1,"Publitas is best for large-scale ecommerce product discovery, iPaper excels at automated retail leaflet workflows, and Flipsnack is ideal for fast, brand-controlled marketing setups."
iPaper vs Publitas vs Flipsnack: which digital catalog platform is best for shoppable retail content?,comparison,True,dataforseo/google-ai-overview,2026-08-03,publitas.com,https://www.publitas.com/blog/,vendor,True,iPaper; Flipsnack,positive,1,"Publitas is the best overall platform for shoppable retail content, followed closely by iPaper and Flipsnack. Publitas excels at deep e-commerce integrations, iPaper focuses on fast automated leaflet conversions, and Flipsnack prioritizes quick, general-purpose marketing design."
iPaper vs Publitas vs Flipsnack: which digital catalog platform is best for shoppable retail content?,comparison,True,dataforseo/google-ai-overview,2026-08-03,sourceforge.net,https://sourceforge.net/software/compare/Publitas-vs-iPaper/,review-site,True,iPaper; Flipsnack,positive,1,"Publitas is the best overall platform for shoppable retail content, followed closely by iPaper and Flipsnack. Publitas excels at deep e-commerce integrations, iPaper focuses on fast automated leaflet conversions, and Flipsnack prioritizes quick, general-purpose marketing design."
iPaper vs Publitas vs Flipsnack: which digital catalog platform is best for shoppable retail content?,comparison,True,dataforseo/google-ai-overview,2026-08-03,catalogy.com,https://www.catalogy.com/blog/catalogy-alternatives-for-enterprise-catalog-automation,comparison,True,iPaper; Flipsnack,positive,1,"Publitas is the best overall platform for shoppable retail content, followed closely by iPaper and Flipsnack. Publitas excels at deep e-commerce integrations, iPaper focuses on fast automated leaflet conversions, and Flipsnack prioritizes quick, general-purpose marketing design."
iPaper vs Publitas vs Flipsnack: which digital catalog platform is best for shoppable retail content?,comparison,True,dataforseo/google-ai-overview,2026-08-03,flippingbook.com,https://flippingbook.com/es/blog/marketing-tips/top-catalog-maker-software,listicle,True,iPaper; Flipsnack,positive,1,"Publitas is the best overall platform for shoppable retail content, followed closely by iPaper and Flipsnack. Publitas excels at deep e-commerce integrations, iPaper focuses on fast automated leaflet conversions, and Flipsnack prioritizes quick, general-purpose marketing design."
iPaper vs Publitas vs Flipsnack: which digital catalog platform is best for shoppable retail content?,comparison,True,dataforseo/google-ai-overview,2026-08-03,alina-25366.medium.com,https://alina-25366.medium.com/top-9-digital-catalog-makers-to-create-the-best-online-catalog-e1e26095402d,listicle,True,iPaper; Flipsnack,positive,1,"Publitas is the best overall platform for shoppable retail content, followed closely by iPaper and Flipsnack. Publitas excels at deep e-commerce integrations, iPaper focuses on fast automated leaflet conversions, and Flipsnack prioritizes quick, general-purpose marketing design."
iPaper vs Publitas vs Flipsnack: which digital catalog platform is best for shoppable retail content?,comparison,True,dataforseo/google-ai-overview,2026-08-03,yudu.com,https://www.yudu.com/blog/top-digital-catalogue-software-providers-2026,listicle,True,iPaper; Flipsnack,positive,1,"Publitas is the best overall platform for shoppable retail content, followed closely by iPaper and Flipsnack. Publitas excels at deep e-commerce integrations, iPaper focuses on fast automated leaflet conversions, and Flipsnack prioritizes quick, general-purpose marketing design."
iPaper vs Publitas vs Flipsnack: which digital catalog platform is best for shoppable retail content?,comparison,True,dataforseo/google-ai-overview,2026-08-03,publitas.com,https://www.publitas.com/blog/,vendor,True,iPaper; Flipsnack,positive,1,Publitas is best for large retail e-commerce integration... Seamlessly imports online product feeds to turn pages into shoppable content with direct-to-cart functionality and deep tracking via Google Analytics and Meta Pixel.
iPaper vs Publitas vs Flipsnack: which digital catalog platform is best for shoppable retail content?,comparison,True,dataforseo/google-ai-overview,2026-08-03,flippingbook.com,https://flippingbook.com/es/blog/marketing-tips/top-catalog-maker-software,listicle,True,iPaper; Flipsnack,positive,1,Publitas is best for large retail e-commerce integration... Seamlessly imports online product feeds to turn pages into shoppable content with direct-to-cart functionality and deep tracking via Google Analytics and Meta Pixel.
iPaper vs Publitas vs Flipsnack: which digital catalog platform is best for shoppable retail content?,comparison,True,dataforseo/google-ai-overview,2026-08-03,catalogy.com,https://www.catalogy.com/blog/catalogy-alternatives-for-enterprise-catalog-automation,comparison,True,iPaper; Flipsnack,positive,1,Publitas is best for large retail e-commerce integration... Seamlessly imports online product feeds to turn pages into shoppable content with direct-to-cart functionality and deep tracking via Google Analytics and Meta Pixel.
iPaper vs Publitas vs Flipsnack: which digital catalog platform is best for shoppable retail content?,comparison,True,dataforseo/google-ai-overview,2026-08-03,sourceforge.net,https://sourceforge.net/software/compare/Flipsnack-vs-Publitas/,review-site,True,iPaper; Flipsnack,positive,1,Publitas is best for large retail e-commerce integration... Seamlessly imports online product feeds to turn pages into shoppable content with direct-to-cart functionality and deep tracking via Google Analytics and Meta Pixel.
iPaper vs Publitas vs Flipsnack: which digital catalog platform is best for shoppable retail content?,comparison,True,dataforseo/google-ai-overview,2026-08-03,help.flipsnack.com,https://help.flipsnack.com/en/why-flipsnack-is-the-best-choice-for-digital-publishing,comparison,True,iPaper; Flipsnack,positive,1,Publitas is best for large retail e-commerce integration... Seamlessly imports online product feeds to turn pages into shoppable content with direct-to-cart functionality and deep tracking via Google Analytics and Meta Pixel.
What's the best free flipbook maker?,naive,False,dataforseo/google-ai-overview,2026-08-03,heyzine.com,https://heyzine.com/,vendor,False,FlipHTML5; Heyzine; Flipsnack; Issuu,absent,,"The best free flipbook makers are FlipHTML5, Heyzine, and Flipsnack, each offering easy PDF conversion and interactive page-turn effects."
What's the best free flipbook maker?,naive,False,dataforseo/google-ai-overview,2026-08-03,flipsnack.com,https://www.flipsnack.com/,vendor,False,FlipHTML5; Heyzine; Flipsnack; Issuu,absent,,"The best free flipbook makers are FlipHTML5, Heyzine, and Flipsnack, each offering easy PDF conversion and interactive page-turn effects."
What's the best free flipbook maker?,naive,False,dataforseo/google-ai-overview,2026-08-03,fliplink.me,https://fliplink.me/blog/best-flipbook-makers,listicle,False,FlipHTML5; Heyzine; Flipsnack; Issuu,absent,,"The best free flipbook makers are FlipHTML5, Heyzine, and Flipsnack, each offering easy PDF conversion and interactive page-turn effects."
What's the best free flipbook maker?,naive,False,dataforseo/google-ai-overview,2026-08-03,youtube.com,https://www.youtube.com/watch?v=Oqf2NSP8kek&t=53,other,False,FlipHTML5; Heyzine; Flipsnack; Issuu,absent,,"The best free flipbook makers are FlipHTML5, Heyzine, and Flipsnack, each offering easy PDF conversion and interactive page-turn effects."
What's the best free flipbook maker?,naive,False,dataforseo/google-ai-overview,2026-08-03,heyzine.com,https://heyzine.com/,vendor,False,FlipHTML5; Heyzine; Flipsnack,absent,,"The best free flipbook makers are FlipHTML5, Heyzine, and Flipsnack. These platforms turn standard PDF documents into digital books with page-turning animations. Most free tiers include platform branding or limits on page counts and active books."
What's the best free flipbook maker?,naive,False,dataforseo/google-ai-overview,2026-08-03,flipsnack.com,https://www.flipsnack.com/,vendor,False,FlipHTML5; Heyzine; Flipsnack,absent,,"The best free flipbook makers are FlipHTML5, Heyzine, and Flipsnack. These platforms turn standard PDF documents into digital books with page-turning animations. Most free tiers include platform branding or limits on page counts and active books."
What's the best free flipbook maker?,naive,False,dataforseo/google-ai-overview,2026-08-03,fliplink.me,https://fliplink.me/blog/best-flipbook-makers,listicle,False,FlipHTML5; Heyzine; Flipsnack,absent,,"The best free flipbook makers are FlipHTML5, Heyzine, and Flipsnack. These platforms turn standard PDF documents into digital books with page-turning animations. Most free tiers include platform branding or limits on page counts and active books."
What's the best free flipbook maker?,naive,False,dataforseo/google-ai-overview,2026-08-03,youtube.com,https://www.youtube.com/watch?v=Oqf2NSP8kek&t=53,other,False,FlipHTML5; Heyzine; Flipsnack,absent,,"The best free flipbook makers are FlipHTML5, Heyzine, and Flipsnack. These platforms turn standard PDF documents into digital books with page-turning animations. Most free tiers include platform branding or limits on page counts and active books."
What's the best free flipbook maker?,naive,False,dataforseo/google-ai-overview,2026-08-03,flipbookpdf.net,https://www.flipbookpdf.net/,vendor,False,FlipHTML5; Heyzine; Flipsnack,absent,,"The best free flipbook makers are FlipHTML5, Heyzine, and Flipsnack. These platforms turn standard PDF documents into digital books with page-turning animations. Most free tiers include platform branding or limits on page counts and active books."
What's the best free flipbook maker?,naive,False,dataforseo/google-ai-overview,2026-08-03,youtube.com,https://www.youtube.com/watch?v=bJqFNpdVUMU,other,False,FlipHTML5; Heyzine; Issuu,absent,,"The best free flipbook makers are FlipHTML5, Heyzine, and Issuu. These platforms let you turn normal PDF files into digital books with real page-turning effects without charging money upfront."
What's the best free flipbook maker?,naive,False,dataforseo/google-ai-overview,2026-08-03,heyzine.com,https://heyzine.com/,vendor,False,FlipHTML5; Heyzine; Issuu,absent,,"The best free flipbook makers are FlipHTML5, Heyzine, and Issuu. These platforms let you turn normal PDF files into digital books with real page-turning effects without charging money upfront."
What's the best free flipbook maker?,naive,False,dataforseo/google-ai-overview,2026-08-03,fliplink.me,https://fliplink.me/blog/best-flipbook-makers,listicle,False,FlipHTML5; Heyzine; Issuu,absent,,"The best free flipbook makers are FlipHTML5, Heyzine, and Issuu. These platforms let you turn normal PDF files into digital books with real page-turning effects without charging money upfront."
Are flipbooks still popular?,naive,False,dataforseo/google-ai-overview,2026-08-03,realviewdigital.com,https://www.realviewdigital.com/why-your-flipbook-isnt-going-to-cut-it-in-todays-mobile-market-2/,vendor,False,FlippingBook; Flipsnack; Paperturn; Foleon; dCatalog; Yumpu,absent,,Businesses use tools like Flipsnack or FlippingBook to cut down on printing and shipping costs for monthly catalogs or reports.
Are flipbooks still popular?,naive,False,dataforseo/google-ai-overview,2026-08-03,foleon.com,https://www.foleon.com/topics/flipbook,vendor,False,FlippingBook; Flipsnack; Paperturn; Foleon; dCatalog; Yumpu,absent,,Businesses use tools like Flipsnack or FlippingBook to cut down on printing and shipping costs for monthly catalogs or reports.
Are flipbooks still popular?,naive,False,dataforseo/google-ai-overview,2026-08-03,dcatalog.com,https://dcatalog.com/benefits-of-digital-flipbooks/,vendor,False,FlippingBook; Flipsnack; Paperturn; Foleon; dCatalog; Yumpu,absent,,Businesses use tools like Flipsnack or FlippingBook to cut down on printing and shipping costs for monthly catalogs or reports.
Are flipbooks still popular?,naive,False,dataforseo/google-ai-overview,2026-08-03,en.blog.yumpu.com,https://en.blog.yumpu.com/flipbooks/flip-books/,vendor,False,FlippingBook; Flipsnack; Paperturn; Foleon; dCatalog; Yumpu,absent,,Businesses use tools like Flipsnack or FlippingBook to cut down on printing and shipping costs for monthly catalogs or reports.
Are flipbooks still popular?,naive,False,dataforseo/google-ai-overview,2026-08-03,flippingbook.com,https://flippingbook.com/blog/marketing-tips/what-is-a-flipbook,vendor,False,FlippingBook; Flipsnack; Paperturn; Foleon; dCatalog; Yumpu,absent,,Businesses use tools like Flipsnack or FlippingBook to cut down on printing and shipping costs for monthly catalogs or reports.
Are flipbooks still popular?,naive,False,dataforseo/google-ai-overview,2026-08-03,youtube.com,https://www.youtube.com/watch?v=agZiZmDTANA&t=10,vendor,False,FlippingBook; Flipsnack; Paperturn; Foleon; dCatalog; Yumpu,absent,,Businesses use tools like Flipsnack or FlippingBook to cut down on printing and shipping costs for monthly catalogs or reports.
Are flipbooks still popular?,naive,False,dataforseo/google-ai-overview,2026-08-03,paperturn.com,https://www.paperturn.com/blog/digital-marketing/flipbook-software-in-2026,vendor,False,FlippingBook; Flipsnack; Paperturn; Foleon; dCatalog; Yumpu,absent,,Businesses use tools like Flipsnack or FlippingBook to cut down on printing and shipping costs for monthly catalogs or reports.
Are flipbooks still popular?,naive,False,dataforseo/google-ai-overview,2026-08-03,formaxprinting.com,https://www.formaxprinting.com/blog/the-art-of-flipbook-printing-explained,other,False,FlippingBook; Flipsnack; Paperturn; Foleon; dCatalog; Yumpu,absent,,Businesses use tools like Flipsnack or FlippingBook to cut down on printing and shipping costs for monthly catalogs or reports.
Are flipbooks still popular?,naive,False,dataforseo/google-ai-overview,2026-08-03,adobe.com,https://www.adobe.com/uk/creativecloud/animation/discover/flipbook-animation.html,publication,False,FlippingBook; Flipsnack; Paperturn; Foleon; dCatalog; Yumpu,absent,,Businesses use tools like Flipsnack or FlippingBook to cut down on printing and shipping costs for monthly catalogs or reports.
Are flipbooks still popular?,naive,False,dataforseo/google-ai-overview,2026-08-03,realviewdigital.com,https://www.realviewdigital.com/why-your-flipbook-isnt-going-to-cut-it-in-todays-mobile-market-2/,vendor,False,Issuu; Flipsnack; FlippingBook; Foleon; Paperturn; Heyzine; Fliplify,absent,,"Platforms like Issuu and Flipsnack convert static PDFs into page-turning digital brochures, reports, and catalogs."
Are flipbooks still popular?,naive,False,dataforseo/google-ai-overview,2026-08-03,foleon.com,https://www.foleon.com/topics/flipbook,vendor,False,Issuu; Flipsnack; FlippingBook; Foleon; Paperturn; Heyzine; Fliplify,absent,,"Platforms like Issuu and Flipsnack convert static PDFs into page-turning digital brochures, reports, and catalogs."
Are flipbooks still popular?,naive,False,dataforseo/google-ai-overview,2026-08-03,paperturn.com,https://www.paperturn.com/blog/digital-marketing/flipbook-software-in-2026,vendor,False,Issuu; Flipsnack; FlippingBook; Foleon; Paperturn; Heyzine; Fliplify,absent,,"Platforms like Issuu and Flipsnack convert static PDFs into page-turning digital brochures, reports, and catalogs."
Are flipbooks still popular?,naive,False,dataforseo/google-ai-overview,2026-08-03,flipsnack.com,https://www.flipsnack.com/flipbook,vendor,False,Issuu; Flipsnack; FlippingBook; Foleon; Paperturn; Heyzine; Fliplify,absent,,"Platforms like Issuu and Flipsnack convert static PDFs into page-turning digital brochures, reports, and catalogs."
Are flipbooks still popular?,naive,False,dataforseo/google-ai-overview,2026-08-03,leakypaywall.com,https://leakypaywall.com/do-flipbook-editions-work/,publication,False,Issuu; Flipsnack; FlippingBook; Foleon; Paperturn; Heyzine; Fliplify,absent,,"Platforms like Issuu and Flipsnack convert static PDFs into page-turning digital brochures, reports, and catalogs."
Are flipbooks still popular?,naive,False,dataforseo/google-ai-overview,2026-08-03,flippingbook.com,https://flippingbook.com/blog/marketing-tips/what-is-a-flipbook,vendor,False,Issuu; Flipsnack; FlippingBook; Foleon; Paperturn; Heyzine; Fliplify,absent,,"Platforms like Issuu and Flipsnack convert static PDFs into page-turning digital brochures, reports, and catalogs."
Are flipbooks still popular?,naive,False,dataforseo/google-ai-overview,2026-08-03,reddit.com,https://www.reddit.com/r/magazinepublishing/comments/16uqbvt/issuu_vs_flipsnack_vs_heyzine_vs_flippingbook_vs/,forum,False,Issuu; Flipsnack; FlippingBook; Foleon; Paperturn; Heyzine; Fliplify,absent,,"Platforms like Issuu and Flipsnack convert static PDFs into page-turning digital brochures, reports, and catalogs."
Are flipbooks still popular?,naive,False,dataforseo/google-ai-overview,2026-08-03,linkedin.com,https://www.linkedin.com/pulse/time-retire-flipbook-storieddata-rpwoe,publication,False,Issuu; Flipsnack; FlippingBook; Foleon; Paperturn; Heyzine; Fliplify,absent,,"Platforms like Issuu and Flipsnack convert static PDFs into page-turning digital brochures, reports, and catalogs."
Are flipbooks still popular?,naive,False,dataforseo/google-ai-overview,2026-08-03,fliplify.com,https://www.fliplify.com/flipbook-trends-whats-new-in-the-world-of-digital-publishing/,vendor,False,Issuu; Flipsnack; FlippingBook; Foleon; Paperturn; Heyzine; Fliplify,absent,,"Platforms like Issuu and Flipsnack convert static PDFs into page-turning digital brochures, reports, and catalogs."
Are flipbooks still popular?,naive,False,dataforseo/google-ai-overview,2026-08-03,nubuntu.org,https://nubuntu.org/basics/flipbook-animation/,other,False,Issuu; Flipsnack; FlippingBook; Foleon; Paperturn; Heyzine; Fliplify,absent,,"Platforms like Issuu and Flipsnack convert static PDFs into page-turning digital brochures, reports, and catalogs."
Are flipbooks still popular?,naive,False,dataforseo/google-ai-overview,2026-08-03,paper-republic.com,https://www.paper-republic.com/blogs/paper-republic/renaissance-of-handwriting-deep-thinkers-ditch-digital?srsltid=AfmBOopio3qdVEuW-62iz_wlbbowzIsWGakIjqljolKL3Ov7cBqoCZO0,other,False,Issuu; Flipsnack; FlippingBook; Foleon; Paperturn; Heyzine; Fliplify,absent,,"Platforms like Issuu and Flipsnack convert static PDFs into page-turning digital brochures, reports, and catalogs."
Are flipbooks still popular?,naive,False,dataforseo/google-ai-overview,2026-08-03,facebook.com,https://www.facebook.com/theAndymation/videos/i-made-60fps-flipbooks-using-ai/1060832147857542/,other,False,Issuu; Flipsnack; FlippingBook; Foleon; Paperturn; Heyzine; Fliplify,absent,,"Platforms like Issuu and Flipsnack convert static PDFs into page-turning digital brochures, reports, and catalogs."
Are flipbooks still popular?,naive,False,dataforseo/google-ai-overview,2026-08-03,realviewdigital.com,https://www.realviewdigital.com/why-your-flipbook-isnt-going-to-cut-it-in-todays-mobile-market-2/,vendor,False,Flipsnack; FlippingBook,absent,,"Businesses use modern software like Flipsnack and FlippingBook to change static PDF files into interactive online catalogs, magazines, and marketing brochures."
Are flipbooks still popular?,naive,False,dataforseo/google-ai-overview,2026-08-03,youtube.com,https://www.youtube.com/watch?v=agZiZmDTANA&t=10,vendor,False,Flipsnack; FlippingBook,absent,,"Businesses use modern software like Flipsnack and FlippingBook to change static PDF files into interactive online catalogs, magazines, and marketing brochures."
Are flipbooks still popular?,naive,False,dataforseo/google-ai-overview,2026-08-03,flippingbook.com,https://flippingbook.com/blog/marketing-tips/what-is-a-flipbook,vendor,False,Flipsnack; FlippingBook,absent,,"Businesses use modern software like Flipsnack and FlippingBook to change static PDF files into interactive online catalogs, magazines, and marketing brochures."
Are flipbooks still popular?,naive,False,dataforseo/google-ai-overview,2026-08-03,mhs.ox.ac.uk,https://www.mhs.ox.ac.uk/exhibits/fancy-names-and-fun-toys/kinora/index.html,other,False,Flipsnack; FlippingBook,absent,,"Businesses use modern software like Flipsnack and FlippingBook to change static PDF files into interactive online catalogs, magazines, and marketing brochures."
Are flipbooks still popular?,naive,False,dataforseo/google-ai-overview,2026-08-03,formaxprinting.com,https://www.formaxprinting.com/blog/the-art-of-flipbook-printing-explained,other,False,Flipsnack; FlippingBook,absent,,"Businesses use modern software like Flipsnack and FlippingBook to change static PDF files into interactive online catalogs, magazines, and marketing brochures."
Are flipbooks still popular?,naive,False,dataforseo/google-ai-overview,2026-08-03,banedsgn.com,https://www.banedsgn.com/post/4-best-flipbook-platforms-for-digital-publications,listicle,False,Flipsnack; FlippingBook,absent,,"Businesses use modern software like Flipsnack and FlippingBook to change static PDF files into interactive online catalogs, magazines, and marketing brochures."
What's the best way to turn a PDF into an online catalog people can browse and shop from?,naive,False,dataforseo/google-ai-overview,2026-08-03,apps.apple.com,https://apps.apple.com/us/app/acrobat-reader-pdf-editor/id469337564,marketplace,False,Flipsnack; FlippingBook; iPaper,absent,,"The best way to turn a PDF into a shoppable online catalog is to use specialized digital flipbook and catalog publishing platforms like Flipsnack, FlippingBook, or iPaper."
What's the best way to turn a PDF into an online catalog people can browse and shop from?,naive,False,dataforseo/google-ai-overview,2026-08-03,youtube.com,https://www.youtube.com/watch?v=lI-16FrVp8U&t=22,other,False,Flipsnack; FlippingBook; iPaper,absent,,"The best way to turn a PDF into a shoppable online catalog is to use specialized digital flipbook and catalog publishing platforms like Flipsnack, FlippingBook, or iPaper."
What's the best way to turn a PDF into an online catalog people can browse and shop from?,naive,False,dataforseo/google-ai-overview,2026-08-03,ipaper.io,https://www.ipaper.io/use-case/convert-your-pdf,vendor,False,Flipsnack; FlippingBook; iPaper,absent,,"The best way to turn a PDF into a shoppable online catalog is to use specialized digital flipbook and catalog publishing platforms like Flipsnack, FlippingBook, or iPaper."
What's the best way to turn a PDF into an online catalog people can browse and shop from?,naive,False,dataforseo/google-ai-overview,2026-08-03,fliplink.me,https://fliplink.me/blog/how-to-create-digital-catalog-from-pdf,vendor,False,Flipsnack; FlippingBook; iPaper,absent,,"The best way to turn a PDF into a shoppable online catalog is to use specialized digital flipbook and catalog publishing platforms like Flipsnack, FlippingBook, or iPaper."
What's the best way to turn a PDF into an online catalog people can browse and shop from?,naive,False,dataforseo/google-ai-overview,2026-08-03,flippingbook.com,https://flippingbook.com/online-digital-catalog,vendor,False,Flipsnack; FlippingBook; iPaper,absent,,"The best way to turn a PDF into a shoppable online catalog is to use specialized digital flipbook and catalog publishing platforms like Flipsnack, FlippingBook, or iPaper."
What's the best way to turn a PDF into an online catalog people can browse and shop from?,naive,False,dataforseo/google-ai-overview,2026-08-03,apps.apple.com,https://apps.apple.com/us/app/acrobat-reader-pdf-editor/id469337564,marketplace,False,Flipsnack; FlippingBook,absent,,"The best way to turn a PDF into a shoppable catalog is to use a digital flipbook platform like Flipsnack or FlippingBook, upload your file, and overlay interactive shopping links or product feeds."
What's the best way to turn a PDF into an online catalog people can browse and shop from?,naive,False,dataforseo/google-ai-overview,2026-08-03,youtube.com,https://www.youtube.com/watch?v=lI-16FrVp8U&t=22,other,False,Flipsnack; FlippingBook,absent,,"The best way to turn a PDF into a shoppable catalog is to use a digital flipbook platform like Flipsnack or FlippingBook, upload your file, and overlay interactive shopping links or product feeds."
What's the best way to turn a PDF into an online catalog people can browse and shop from?,naive,False,dataforseo/google-ai-overview,2026-08-03,flippingbook.com,https://flippingbook.com/online-digital-catalog,vendor,False,Flipsnack; FlippingBook,absent,,"The best way to turn a PDF into a shoppable catalog is to use a digital flipbook platform like Flipsnack or FlippingBook, upload your file, and overlay interactive shopping links or product feeds."
What's the best way to turn a PDF into an online catalog people can browse and shop from?,naive,False,dataforseo/google-ai-overview,2026-08-03,fliplink.me,https://fliplink.me/blog/how-to-create-digital-catalog-from-pdf,vendor,False,Flipsnack; FlippingBook,absent,,"The best way to turn a PDF into a shoppable catalog is to use a digital flipbook platform like Flipsnack or FlippingBook, upload your file, and overlay interactive shopping links or product feeds."
What's the best way to turn a PDF into an online catalog people can browse and shop from?,naive,False,dataforseo/google-ai-overview,2026-08-03,flipsnack.com,https://www.flipsnack.com/digital-catalog,vendor,False,Flipsnack; FlippingBook; iPaper,absent,,"The best way to turn a PDF into a shoppable online catalog is to use a digital flipbook and catalog-publishing platform like Flipsnack, FlippingBook , or iPaper."
What's the best way to turn a PDF into an online catalog people can browse and shop from?,naive,False,dataforseo/google-ai-overview,2026-08-03,flippingbook.com,https://flippingbook.com/online-digital-catalog,vendor,False,Flipsnack; FlippingBook; iPaper,absent,,"The best way to turn a PDF into a shoppable online catalog is to use a digital flipbook and catalog-publishing platform like Flipsnack, FlippingBook , or iPaper."
What's the best way to turn a PDF into an online catalog people can browse and shop from?,naive,False,dataforseo/google-ai-overview,2026-08-03,ipaper.io,https://www.ipaper.io/use-case/convert-your-pdf,vendor,False,Flipsnack; FlippingBook; iPaper,absent,,"The best way to turn a PDF into a shoppable online catalog is to use a digital flipbook and catalog-publishing platform like Flipsnack, FlippingBook , or iPaper."
What's the best way to turn a PDF into an online catalog people can browse and shop from?,naive,False,dataforseo/google-ai-overview,2026-08-03,youtube.com,https://www.youtube.com/watch?v=tnjNr7HPuAs&t=202,other,False,Flipsnack; FlippingBook; iPaper,absent,,"The best way to turn a PDF into a shoppable online catalog is to use a digital flipbook and catalog-publishing platform like Flipsnack, FlippingBook , or iPaper."
What's the best way to turn a PDF into an online catalog people can browse and shop from?,naive,False,dataforseo/google-ai-overview,2026-08-03,fliplink.me,https://fliplink.me/blog/how-to-create-digital-catalog-from-pdf,vendor,False,Flipsnack; FlippingBook; iPaper,absent,,"The best way to turn a PDF into a shoppable online catalog is to use a digital flipbook and catalog-publishing platform like Flipsnack, FlippingBook , or iPaper."
What's the best way to turn a PDF into an online catalog people can browse and shop from?,naive,False,dataforseo/google-ai-overview,2026-08-03,reddit.com,https://www.reddit.com/r/graphic_design/comments/118us0d/what_is_the_best_programsite_to_post_interactive/,forum,False,Flipsnack; FlippingBook; iPaper,absent,,"The best way to turn a PDF into a shoppable online catalog is to use a digital flipbook and catalog-publishing platform like Flipsnack, FlippingBook , or iPaper."
Is there flipbook or digital catalog software that's actually accessible for people with disabilities?,naive,False,dataforseo/google-ai-overview,2026-08-03,flippingbook.com,https://flippingbook.com/blog/guides/turning-pdf-into-ada-compliant-flipbook,vendor,False,Flipsnack; FlippingBook; DCatalog,absent,,"digital catalog and flipbook tools like Flipsnack, FlippingBook, and DCatalog offer accessibility features, but opinions on whether they are fully compliant remain mixed."
Is there flipbook or digital catalog software that's actually accessible for people with disabilities?,naive,False,dataforseo/google-ai-overview,2026-08-03,reddit.com,https://www.reddit.com/r/accessibility/comments/1icaif6/are_there_any_flipbook_vendors_that_are_fully/,forum,False,Flipsnack; FlippingBook; DCatalog,absent,,"digital catalog and flipbook tools like Flipsnack, FlippingBook, and DCatalog offer accessibility features, but opinions on whether they are fully compliant remain mixed."
Is there flipbook or digital catalog software that's actually accessible for people with disabilities?,naive,False,dataforseo/google-ai-overview,2026-08-03,flipsnack.com,https://www.flipsnack.com/accessibility,vendor,False,Flipsnack; FlippingBook; DCatalog,absent,,"digital catalog and flipbook tools like Flipsnack, FlippingBook, and DCatalog offer accessibility features, but opinions on whether they are fully compliant remain mixed."
Is there flipbook or digital catalog software that's actually accessible for people with disabilities?,naive,False,dataforseo/google-ai-overview,2026-08-03,youtube.com,https://www.youtube.com/watch?v=G6r0k2UaQAQ,other,False,Flipsnack; FlippingBook; DCatalog,absent,,"digital catalog and flipbook tools like Flipsnack, FlippingBook, and DCatalog offer accessibility features, but opinions on whether they are fully compliant remain mixed."
Is there flipbook or digital catalog software that's actually accessible for people with disabilities?,naive,False,dataforseo/google-ai-overview,2026-08-03,dcatalog.com,https://dcatalog.com/ada-friendly-flipbooks/,vendor,False,Flipsnack; FlippingBook; DCatalog,absent,,"digital catalog and flipbook tools like Flipsnack, FlippingBook, and DCatalog offer accessibility features, but opinions on whether they are fully compliant remain mixed."
Is there flipbook or digital catalog software that's actually accessible for people with disabilities?,naive,False,dataforseo/google-ai-overview,2026-08-03,nmu.edu,https://nmu.edu/digital-accessibility/flipbook-accessibility,other,False,Flipsnack; FlippingBook; DCatalog,absent,,"digital catalog and flipbook tools like Flipsnack, FlippingBook, and DCatalog offer accessibility features, but opinions on whether they are fully compliant remain mixed."
Is there flipbook or digital catalog software that's actually accessible for people with disabilities?,naive,False,dataforseo/google-ai-overview,2026-08-03,flippingbook.com,https://flippingbook.com/blog/guides/turning-pdf-into-ada-compliant-flipbook,vendor,False,Flipsnack; FlippingBook Online; DCatalog,absent,,true compliance usually requires pairing the digital viewer with an accessible companion file like Flipsnack or FlippingBook Online.
Is there flipbook or digital catalog software that's actually accessible for people with disabilities?,naive,False,dataforseo/google-ai-overview,2026-08-03,reddit.com,https://www.reddit.com/r/accessibility/comments/1icaif6/are_there_any_flipbook_vendors_that_are_fully/,forum,False,Flipsnack; FlippingBook Online; DCatalog,absent,,true compliance usually requires pairing the digital viewer with an accessible companion file like Flipsnack or FlippingBook Online.
Is there flipbook or digital catalog software that's actually accessible for people with disabilities?,naive,False,dataforseo/google-ai-overview,2026-08-03,flipsnack.com,https://www.flipsnack.com/accessibility,vendor,False,Flipsnack; FlippingBook Online; DCatalog,absent,,true compliance usually requires pairing the digital viewer with an accessible companion file like Flipsnack or FlippingBook Online.
Is there flipbook or digital catalog software that's actually accessible for people with disabilities?,naive,False,dataforseo/google-ai-overview,2026-08-03,youtube.com,https://www.youtube.com/watch?v=G6r0k2UaQAQ,other,False,Flipsnack; FlippingBook Online; DCatalog,absent,,true compliance usually requires pairing the digital viewer with an accessible companion file like Flipsnack or FlippingBook Online.
Is there flipbook or digital catalog software that's actually accessible for people with disabilities?,naive,False,dataforseo/google-ai-overview,2026-08-03,dcatalog.com,https://dcatalog.com/ada-friendly-flipbooks/,vendor,False,Flipsnack; FlippingBook Online; DCatalog,absent,,true compliance usually requires pairing the digital viewer with an accessible companion file like Flipsnack or FlippingBook Online.
Is there flipbook or digital catalog software that's actually accessible for people with disabilities?,naive,False,dataforseo/google-ai-overview,2026-08-03,mitrmedia.com,https://www.mitrmedia.com/resources/blogs/assistive-tech-and-wcag-bridging-the-gap/,publication,False,Flipsnack; FlippingBook Online; DCatalog,absent,,true compliance usually requires pairing the digital viewer with an accessible companion file like Flipsnack or FlippingBook Online.
Is there flipbook or digital catalog software that's actually accessible for people with disabilities?,naive,False,dataforseo/google-ai-overview,2026-08-03,flippingbook.com,https://flippingbook.com/blog/guides/turning-pdf-into-ada-compliant-flipbook,vendor,False,Flipsnack; FlippingBook; DCatalog,absent,,"Yes, several digital catalog and flipbook platforms offer accessibility features, but opinions on whether any vendor is completely ""fully accessible"" remain mixed."
Is there flipbook or digital catalog software that's actually accessible for people with disabilities?,naive,False,dataforseo/google-ai-overview,2026-08-03,reddit.com,https://www.reddit.com/r/accessibility/comments/1icaif6/are_there_any_flipbook_vendors_that_are_fully/,forum,False,Flipsnack; FlippingBook; DCatalog,absent,,"Yes, several digital catalog and flipbook platforms offer accessibility features, but opinions on whether any vendor is completely ""fully accessible"" remain mixed."
Is there flipbook or digital catalog software that's actually accessible for people with disabilities?,naive,False,dataforseo/google-ai-overview,2026-08-03,dcatalog.com,https://dcatalog.com/ada-friendly-flipbooks/,vendor,False,Flipsnack; FlippingBook; DCatalog,absent,,"Yes, several digital catalog and flipbook platforms offer accessibility features, but opinions on whether any vendor is completely ""fully accessible"" remain mixed."
Is there flipbook or digital catalog software that's actually accessible for people with disabilities?,naive,False,dataforseo/google-ai-overview,2026-08-03,youtube.com,https://www.youtube.com/watch?v=G6r0k2UaQAQ,other,False,Flipsnack; FlippingBook; DCatalog,absent,,"Yes, several digital catalog and flipbook platforms offer accessibility features, but opinions on whether any vendor is completely ""fully accessible"" remain mixed."
Is there flipbook or digital catalog software that's actually accessible for people with disabilities?,naive,False,dataforseo/google-ai-overview,2026-08-03,flipsnack.com,https://www.flipsnack.com/accessibility,vendor,False,Flipsnack; FlippingBook; DCatalog,absent,,"Yes, several digital catalog and flipbook platforms offer accessibility features, but opinions on whether any vendor is completely ""fully accessible"" remain mixed."
Is there flipbook or digital catalog software that's actually accessible for people with disabilities?,naive,False,dataforseo/google-ai-overview,2026-08-03,equidox.co,https://equidox.co/blog/digital-accessibility-in-banking/,vendor,False,Flipsnack; FlippingBook; DCatalog,absent,,"Yes, several digital catalog and flipbook platforms offer accessibility features, but opinions on whether any vendor is completely ""fully accessible"" remain mixed."
"Is Publitas just a flipbook tool, or does it actually help drive online sales?",skeptic,True,dataforseo/google-ai-overview,2026-08-03,publitas.com,https://www.publitas.com/blog/how-flipbooks-boost-sales-digital-commerce/,vendor,True,,positive,1,"Publitas is more than a basic flipbook tool; it actively helps drive online sales by functioning as a shoppable content-to-commerce platform. It connects static page layouts to live inventory data, shortens paths to checkout, and tracks user behavior."
"Is Publitas just a flipbook tool, or does it actually help drive online sales?",skeptic,True,dataforseo/google-ai-overview,2026-08-03,publitas.com,https://www.publitas.com/blog/how-flipbooks-boost-sales-digital-commerce/,vendor,True,,positive,1,Publitas is much more than a basic flipbook tool; it functions as a comprehensive Shoppable Experience Platform designed to actively drive online sales. It bridges the gap between static content and commerce by turning brochures and lookbooks into interactive revenue channels.
"Is Publitas just a flipbook tool, or does it actually help drive online sales?",skeptic,True,dataforseo/google-ai-overview,2026-08-03,publitas.com,https://www.publitas.com/blog/how-flipbooks-boost-sales-digital-commerce/,vendor,True,,positive,1,"Publitas is an active sales and discovery platform rather than just a basic flipbook tool, helping drive online revenue through live product feeds, interactive hotspots, and direct checkout paths."
"Is Publitas just a flipbook tool, or does it actually help drive online sales?",skeptic,True,dataforseo/google-ai-overview,2026-08-03,support.publitas.com,https://support.publitas.com/shopping-integration,vendor,True,,positive,1,"Publitas is an active sales and discovery platform rather than just a basic flipbook tool, helping drive online revenue through live product feeds, interactive hotspots, and direct checkout paths."
Is digital catalog and flipbook software outdated compared to just running an ecommerce site or Instagram shop?,skeptic,False,dataforseo/google-ai-overview,2026-08-03,leakypaywall.com,https://leakypaywall.com/do-flipbook-editions-work/,publication,True,Flipsnack; FlippingBook; Calameo; CatalogMachine; Publuu,neutral,1,"Digital catalogs and flipbooks are `not fully outdated`, as they still serve unique roles alongside online stores and social media."
Is digital catalog and flipbook software outdated compared to just running an ecommerce site or Instagram shop?,skeptic,False,dataforseo/google-ai-overview,2026-08-03,antares.am,https://antares.am/e-magazineseng/?lang=en,vendor,True,Flipsnack; FlippingBook; Calameo; CatalogMachine; Publuu,neutral,1,"Digital catalogs and flipbooks are `not fully outdated`, as they still serve unique roles alongside online stores and social media."
Is digital catalog and flipbook software outdated compared to just running an ecommerce site or Instagram shop?,skeptic,False,dataforseo/google-ai-overview,2026-08-03,publitas.com,https://www.publitas.com/blog/how-flipbooks-boost-sales-digital-commerce/,vendor,True,Flipsnack; FlippingBook; Calameo; CatalogMachine; Publuu,neutral,1,"Digital catalogs and flipbooks are `not fully outdated`, as they still serve unique roles alongside online stores and social media."
Is digital catalog and flipbook software outdated compared to just running an ecommerce site or Instagram shop?,skeptic,False,dataforseo/google-ai-overview,2026-08-03,blog.catalogmachine.com,https://blog.catalogmachine.com/digital-catalogs-best-product-marketing-sales-tool-small-businesses-online-stores/,vendor,True,Flipsnack; FlippingBook; Calameo; CatalogMachine; Publuu,neutral,1,"Digital catalogs and flipbooks are `not fully outdated`, as they still serve unique roles alongside online stores and social media."
Is digital catalog and flipbook software outdated compared to just running an ecommerce site or Instagram shop?,skeptic,False,dataforseo/google-ai-overview,2026-08-03,blog.flipsnack.com,https://blog.flipsnack.com/e-catalogs-guide-create-electronic-catalogs/,vendor,True,Flipsnack; FlippingBook; Calameo; CatalogMachine; Publuu,neutral,1,"Digital catalogs and flipbooks are `not fully outdated`, as they still serve unique roles alongside online stores and social media."
Is digital catalog and flipbook software outdated compared to just running an ecommerce site or Instagram shop?,skeptic,False,dataforseo/google-ai-overview,2026-08-03,blog.calameo.com,https://blog.calameo.com/19291/flipbook-what-it-is-why-it-matters-and-where-to-use-it-in-digital-publishing/,vendor,True,Flipsnack; FlippingBook; Calameo; CatalogMachine; Publuu,neutral,1,"Digital catalogs and flipbooks are `not fully outdated`, as they still serve unique roles alongside online stores and social media."
Is digital catalog and flipbook software outdated compared to just running an ecommerce site or Instagram shop?,skeptic,False,dataforseo/google-ai-overview,2026-08-03,flippingbook.com,https://flippingbook.com/blog/marketing-tips/publuu-alternative,comparison,True,Flipsnack; FlippingBook; Calameo; CatalogMachine; Publuu,neutral,1,"Digital catalogs and flipbooks are `not fully outdated`, as they still serve unique roles alongside online stores and social media."
Is digital catalog and flipbook software outdated compared to just running an ecommerce site or Instagram shop?,skeptic,False,dataforseo/google-ai-overview,2026-08-03,aims360.com,https://www.aims360.com/fashion-business-resources/clothing-industry-apparel-erp-software-business-management,vendor,True,Flipsnack; FlippingBook; Calameo; CatalogMachine; Publuu,neutral,1,"Digital catalogs and flipbooks are `not fully outdated`, as they still serve unique roles alongside online stores and social media."
Is digital catalog and flipbook software outdated compared to just running an ecommerce site or Instagram shop?,skeptic,False,dataforseo/google-ai-overview,2026-08-03,yo-kart.com,https://www.yo-kart.com/blog/b2b-b2c-c2c-ecommerce-models/,vendor,True,Flipsnack; FlippingBook; Calameo; CatalogMachine; Publuu,neutral,1,"Digital catalogs and flipbooks are `not fully outdated`, as they still serve unique roles alongside online stores and social media."
Is digital catalog and flipbook software outdated compared to just running an ecommerce site or Instagram shop?,skeptic,False,dataforseo/google-ai-overview,2026-08-03,redpepperdigital.net,https://www.redpepperdigital.net/insights/replace-print-catalogs-with-digital/,vendor,True,Flipsnack; FlippingBook; Calameo; CatalogMachine; Publuu,neutral,1,"Digital catalogs and flipbooks are `not fully outdated`, as they still serve unique roles alongside online stores and social media."
Is digital catalog and flipbook software outdated compared to just running an ecommerce site or Instagram shop?,skeptic,False,dataforseo/google-ai-overview,2026-08-03,emagazines.com,https://emagazines.com/blog/digital-magazine-maker/,listicle,True,Flipsnack; FlippingBook; Calameo; CatalogMachine; Publuu,neutral,1,"Digital catalogs and flipbooks are `not fully outdated`, as they still serve unique roles alongside online stores and social media."
Is digital catalog and flipbook software outdated compared to just running an ecommerce site or Instagram shop?,skeptic,False,dataforseo/google-ai-overview,2026-08-03,en.blog.yumpu.com,https://en.blog.yumpu.com/catalog/online-catalog/,vendor,False,,absent,,"No, digital catalogs and flipbooks are not outdated. They serve a different purpose than e-commerce sites and Instagram shops. Instead of replacing digital stores, successful brands use flipbooks to support them."
Is digital catalog and flipbook software outdated compared to just running an ecommerce site or Instagram shop?,skeptic,False,dataforseo/google-ai-overview,2026-08-03,blog.flipsnack.com,https://blog.flipsnack.com/video-what-is-a-digital-catalog/,vendor,False,,absent,,"No, digital catalogs and flipbooks are not outdated. They serve a different purpose than e-commerce sites and Instagram shops. Instead of replacing digital stores, successful brands use flipbooks to support them."
Is digital catalog and flipbook software outdated compared to just running an ecommerce site or Instagram shop?,skeptic,False,dataforseo/google-ai-overview,2026-08-03,tecnosoluciones.com,https://tecnosoluciones.com/how-to-sell-through-facebook-or-instagram-and-why-integrate-them-with-your-website-virtual-store-or-e-commerce-complete-guide/?lang=en,other,False,,absent,,"No, digital catalogs and flipbooks are not outdated. They serve a different purpose than e-commerce sites and Instagram shops. Instead of replacing digital stores, successful brands use flipbooks to support them."
Is digital catalog and flipbook software outdated compared to just running an ecommerce site or Instagram shop?,skeptic,False,dataforseo/google-ai-overview,2026-08-03,fliplink.me,https://fliplink.me/blog/free-online-catalog-maker-ecommerce,vendor,False,,absent,,"No, digital catalogs and flipbooks are not outdated. They serve a different purpose than e-commerce sites and Instagram shops. Instead of replacing digital stores, successful brands use flipbooks to support them."
Is digital catalog and flipbook software outdated compared to just running an ecommerce site or Instagram shop?,skeptic,False,dataforseo/google-ai-overview,2026-08-03,paperturn.com,https://www.paperturn.com/blog/business/digital-catalogs-help-retail-brands-sell-more,vendor,False,,absent,,"No, digital catalogs and flipbooks are not outdated. They serve a different purpose than e-commerce sites and Instagram shops. Instead of replacing digital stores, successful brands use flipbooks to support them."
Is digital catalog and flipbook software outdated compared to just running an ecommerce site or Instagram shop?,skeptic,False,dataforseo/google-ai-overview,2026-08-03,reportei.com,https://reportei.com/en/what-is-the-difference-between-ecommerce-and-virtual-store/,vendor,False,,absent,,"No, digital catalogs and flipbooks are not outdated. They serve a different purpose than e-commerce sites and Instagram shops. Instead of replacing digital stores, successful brands use flipbooks to support them."
Is digital catalog and flipbook software outdated compared to just running an ecommerce site or Instagram shop?,skeptic,False,dataforseo/google-ai-overview,2026-08-03,globalmediainsight.com,https://www.globalmediainsight.com/blog/ecommerce-web-design-trends/,other,False,,absent,,"No, digital catalogs and flipbooks are not outdated. They serve a different purpose than e-commerce sites and Instagram shops. Instead of replacing digital stores, successful brands use flipbooks to support them."
Is digital catalog and flipbook software outdated compared to just running an ecommerce site or Instagram shop?,skeptic,False,dataforseo/google-ai-overview,2026-08-03,knowband.com,https://www.knowband.com/blog/ecommerce-blog/benefits-of-ecommerce-over-traditional-retail/,vendor,False,,absent,,"No, digital catalogs and flipbooks are not outdated. They serve a different purpose than e-commerce sites and Instagram shops. Instead of replacing digital stores, successful brands use flipbooks to support them."
Is digital catalog and flipbook software outdated compared to just running an ecommerce site or Instagram shop?,skeptic,False,dataforseo/google-ai-overview,2026-08-03,instagram.com,https://www.instagram.com/reel/DT_ivN_gf7T/,other,False,,absent,,"No, digital catalogs and flipbooks are not outdated. They serve a different purpose than e-commerce sites and Instagram shops. Instead of replacing digital stores, successful brands use flipbooks to support them."
Is digital catalog and flipbook software outdated compared to just running an ecommerce site or Instagram shop?,skeptic,False,dataforseo/google-ai-overview,2026-08-03,moast.io,https://www.moast.io/blog/tiktok-vs-instagram-which-shoppable-video-platform-drives-more-sales,comparison,False,,absent,,"No, digital catalogs and flipbooks are not outdated. They serve a different purpose than e-commerce sites and Instagram shops. Instead of replacing digital stores, successful brands use flipbooks to support them."
Is digital catalog and flipbook software outdated compared to just running an ecommerce site or Instagram shop?,skeptic,False,dataforseo/google-ai-overview,2026-08-03,catsy.com,https://catsy.com/blog/digital-catalogs/,vendor,False,,absent,,"No, digital catalogs and flipbooks are not outdated. They serve a different purpose than e-commerce sites and Instagram shops. Instead of replacing digital stores, successful brands use flipbooks to support them."
Is digital catalog and flipbook software outdated compared to just running an ecommerce site or Instagram shop?,skeptic,False,dataforseo/google-ai-overview,2026-08-03,expivi.com,https://www.expivi.com/blog/infinite-scrolling-for-e-commerce-stores/,vendor,False,,absent,,"No, digital catalogs and flipbooks are not outdated. They serve a different purpose than e-commerce sites and Instagram shops. Instead of replacing digital stores, successful brands use flipbooks to support them."
Is digital catalog and flipbook software outdated compared to just running an ecommerce site or Instagram shop?,skeptic,False,dataforseo/google-ai-overview,2026-08-03,publitas.com,https://www.publitas.com/blog/the-fashion-ecommerce-trends-shaping/,vendor,False,,absent,,"No, digital catalogs and flipbooks are not outdated. They serve a different purpose than e-commerce sites and Instagram shops. Instead of replacing digital stores, successful brands use flipbooks to support them."
Is digital catalog and flipbook software outdated compared to just running an ecommerce site or Instagram shop?,skeptic,False,dataforseo/google-ai-overview,2026-08-03,blog.dot.vu,https://blog.dot.vu/interactive-flipbook-examples/,vendor,False,,absent,,"No, digital catalogs and flipbooks are not outdated. They serve a different purpose than e-commerce sites and Instagram shops. Instead of replacing digital stores, successful brands use flipbooks to support them."
Is digital catalog and flipbook software outdated compared to just running an ecommerce site or Instagram shop?,skeptic,False,dataforseo/google-ai-overview,2026-08-03,pimberly.com,https://pimberly.com/blog/best-product-catalog-management-software/,listicle,False,,absent,,"No, digital catalogs and flipbooks are not outdated. They serve a different purpose than e-commerce sites and Instagram shops. Instead of replacing digital stores, successful brands use flipbooks to support them."
Is digital catalog and flipbook software outdated compared to just running an ecommerce site or Instagram shop?,skeptic,False,dataforseo/google-ai-overview,2026-08-03,thenumbersmith.co.uk,https://www.thenumbersmith.co.uk/news/-what-are-4-types-of-ecommerce-accounting-,publication,False,,absent,,"No, digital catalogs and flipbooks are not outdated. They serve a different purpose than e-commerce sites and Instagram shops. Instead of replacing digital stores, successful brands use flipbooks to support them."
Is digital catalog and flipbook software outdated compared to just running an ecommerce site or Instagram shop?,skeptic,False,dataforseo/google-ai-overview,2026-08-03,cwcreative.com,https://cwcreative.com/blog/the-print-comeback-why-catalogs-are-winning-the-marketing-game,vendor,False,,absent,,"No, digital catalogs and flipbooks are not outdated. They serve a different purpose than e-commerce sites and Instagram shops. Instead of replacing digital stores, successful brands use flipbooks to support them."
Is digital catalog and flipbook software outdated compared to just running an ecommerce site or Instagram shop?,skeptic,False,dataforseo/google-ai-overview,2026-08-03,yudu.com,https://www.yudu.com/blog/digital-catalogues-increase-sales,vendor,False,,absent,,"No, digital catalogs and flipbooks are not outdated. They serve a different purpose than e-commerce sites and Instagram shops. Instead of replacing digital stores, successful brands use flipbooks to support them."
Is digital catalog and flipbook software outdated compared to just running an ecommerce site or Instagram shop?,skeptic,False,dataforseo/google-ai-overview,2026-08-03,dirxion.com,https://www.dirxion.com/what-is-a-lookbook-and-how-can-retailers-use-them/,vendor,False,,absent,,"No, digital catalogs and flipbooks are not outdated. They serve a different purpose than e-commerce sites and Instagram shops. Instead of replacing digital stores, successful brands use flipbooks to support them."
Is digital catalog and flipbook software outdated compared to just running an ecommerce site or Instagram shop?,skeptic,False,dataforseo/google-ai-overview,2026-08-03,pageturnpro.com,https://www.pageturnpro.com/blog/top-emerging-trends-in-flipbook-technology-you-need-to-know/,vendor,False,FlippingBook,absent,,"Digital catalogs and flipbook software are not fully outdated; instead, they serve a different purpose than standard ecommerce sites or social shops by providing immersive storytelling, curated collections, and structured B2B ordering."
Is digital catalog and flipbook software outdated compared to just running an ecommerce site or Instagram shop?,skeptic,False,dataforseo/google-ai-overview,2026-08-03,reddit.com,https://www.reddit.com/r/ecommerce/comments/16glbeo/why_is_every_social_media_platform_trying_to/,forum,False,FlippingBook,absent,,"Digital catalogs and flipbook software are not fully outdated; instead, they serve a different purpose than standard ecommerce sites or social shops by providing immersive storytelling, curated collections, and structured B2B ordering."
Is digital catalog and flipbook software outdated compared to just running an ecommerce site or Instagram shop?,skeptic,False,dataforseo/google-ai-overview,2026-08-03,instagram.com,https://www.instagram.com/reel/DGN7nAZN-F_/,other,False,FlippingBook,absent,,"Digital catalogs and flipbook software are not fully outdated; instead, they serve a different purpose than standard ecommerce sites or social shops by providing immersive storytelling, curated collections, and structured B2B ordering."
Is digital catalog and flipbook software outdated compared to just running an ecommerce site or Instagram shop?,skeptic,False,dataforseo/google-ai-overview,2026-08-03,flippingbook.com,https://flippingbook.com/blog/marketing-tips/what-is-a-digital-catalog,vendor,False,FlippingBook,absent,,"Digital catalogs and flipbook software are not fully outdated; instead, they serve a different purpose than standard ecommerce sites or social shops by providing immersive storytelling, curated collections, and structured B2B ordering."
Is digital catalog and flipbook software outdated compared to just running an ecommerce site or Instagram shop?,skeptic,False,dataforseo/google-ai-overview,2026-08-03,walsworth.com,https://www.walsworth.com/blog/state-of-catalog-marketing-2025,vendor,False,FlippingBook,absent,,"Digital catalogs and flipbook software are not fully outdated; instead, they serve a different purpose than standard ecommerce sites or social shops by providing immersive storytelling, curated collections, and structured B2B ordering."
Is digital catalog and flipbook software outdated compared to just running an ecommerce site or Instagram shop?,skeptic,False,dataforseo/google-ai-overview,2026-08-03,thewisemarketer.com,https://thewisemarketer.com/from-scroll-to-sold-why-tiktok-is-beating-instagram-at-in-app-shopping/,publication,False,FlippingBook,absent,,"Digital catalogs and flipbook software are not fully outdated; instead, they serve a different purpose than standard ecommerce sites or social shops by providing immersive storytelling, curated collections, and structured B2B ordering."
Is digital catalog and flipbook software outdated compared to just running an ecommerce site or Instagram shop?,skeptic,False,dataforseo/google-ai-overview,2026-08-03,webaholics.ai,https://www.webaholics.ai/blog/ecommerce/ecommerce-catalog-management-2025-top-tips-and-tools,vendor,False,FlippingBook,absent,,"Digital catalogs and flipbook software are not fully outdated; instead, they serve a different purpose than standard ecommerce sites or social shops by providing immersive storytelling, curated collections, and structured B2B ordering."
Is digital catalog and flipbook software outdated compared to just running an ecommerce site or Instagram shop?,skeptic,False,dataforseo/google-ai-overview,2026-08-03,bakedmoon.studio,https://www.bakedmoon.studio/blog/digital-catalogs-in-e-commerce-why-you-need-one/,vendor,False,FlippingBook,absent,,"Digital catalogs and flipbook software are not fully outdated; instead, they serve a different purpose than standard ecommerce sites or social shops by providing immersive storytelling, curated collections, and structured B2B ordering."
Is digital catalog and flipbook software outdated compared to just running an ecommerce site or Instagram shop?,skeptic,False,dataforseo/google-ai-overview,2026-08-03,redpepperdigital.net,https://www.redpepperdigital.net/insights/replace-print-catalogs-with-digital/,vendor,False,FlippingBook,absent,,"Digital catalogs and flipbook software are not fully outdated; instead, they serve a different purpose than standard ecommerce sites or social shops by providing immersive storytelling, curated collections, and structured B2B ordering."
Is digital catalog and flipbook software outdated compared to just running an ecommerce site or Instagram shop?,skeptic,False,dataforseo/google-ai-overview,2026-08-03,sproutsocial.com,https://sproutsocial.com/insights/ecommerce-trends/,vendor,False,FlippingBook,absent,,"Digital catalogs and flipbook software are not fully outdated; instead, they serve a different purpose than standard ecommerce sites or social shops by providing immersive storytelling, curated collections, and structured B2B ordering."
Is digital catalog and flipbook software outdated compared to just running an ecommerce site or Instagram shop?,skeptic,False,dataforseo/google-ai-overview,2026-08-03,linkedin.com,https://www.linkedin.com/pulse/online-catalogs-becoming-full-scale-shopping-experiences-bill-rice-fijke,other,False,FlippingBook,absent,,"Digital catalogs and flipbook software are not fully outdated; instead, they serve a different purpose than standard ecommerce sites or social shops by providing immersive storytelling, curated collections, and structured B2B ordering."
Is digital catalog and flipbook software outdated compared to just running an ecommerce site or Instagram shop?,skeptic,False,dataforseo/google-ai-overview,2026-08-03,stylitics.com,https://stylitics.com/resources/blog/digital-lookbook/,vendor,False,FlippingBook,absent,,"Digital catalogs and flipbook software are not fully outdated; instead, they serve a different purpose than standard ecommerce sites or social shops by providing immersive storytelling, curated collections, and structured B2B ordering."
Is digital catalog and flipbook software outdated compared to just running an ecommerce site or Instagram shop?,skeptic,False,dataforseo/google-ai-overview,2026-08-03,sigmasolve.com,https://www.sigmasolve.com/blog,vendor,False,FlippingBook,absent,,"Digital catalogs and flipbook software are not fully outdated; instead, they serve a different purpose than standard ecommerce sites or social shops by providing immersive storytelling, curated collections, and structured B2B ordering."
Is digital catalog and flipbook software outdated compared to just running an ecommerce site or Instagram shop?,skeptic,False,dataforseo/google-ai-overview,2026-08-03,gelato.com,https://www.gelato.com/blog/ecommerce-tools,listicle,False,FlippingBook,absent,,"Digital catalogs and flipbook software are not fully outdated; instead, they serve a different purpose than standard ecommerce sites or social shops by providing immersive storytelling, curated collections, and structured B2B ordering."
